timestamp,frame_idx,infer_ms,total_ms,cpu_percent,mem_rss_mb,gpu_util,gpu_mem_mb
1779133353.3670404,0,6.048,42.315,27.7,1059.0,9,1117
1779133353.4206991,1,8.765,15.506,28.8,1059.0,9,1119
1779133353.480599,2,4.322,15.231,32.0,1059.0,9,1119
1779133353.5347006,3,4.842,13.563,23.7,1059.0,9,1119
1779133353.5825906,4,6.640,16.190,85.2,1059.0,9,1119
1779133353.6320615,5,5.147,14.423,23.3,1059.0,9,1119
1779133353.6868863,6,6.091,14.906,8.3,1059.0,9,1119
1779133353.7351818,7,4.171,11.757,42.0,1059.0,9,1119
1779133353.7891467,8,6.603,15.385,38.5,1059.0,9,1119
1779133353.8375185,9,6.006,14.604,25.0,1059.0,8,1119
1779133353.8919363,10,6.657,15.384,14.3,1059.0,8,1119
1779133353.9411266,11,4.190,11.952,51.9,1059.0,8,1117
1779133353.9908342,12,6.087,14.787,32.0,1059.0,8,1117
1779133354.0434024,13,5.053,12.282,38.2,1059.0,8,1117
1779133354.0980165,14,4.259,12.933,14.3,1059.0,8,1117
1779133354.1467514,15,4.649,13.291,60.0,1059.0,8,1117
1779133354.2019563,16,6.572,14.054,7.5,1059.0,8,1117
1779133354.249495,17,4.539,11.192,32.4,1059.0,8,1117
1779133354.3006198,18,5.404,14.010,22.7,1059.0,8,1117
1779133354.3528163,19,7.387,13.119,21.3,1059.0,7,1118
1779133354.4135213,20,6.921,14.474,23.5,1059.0,7,1118
1779133354.4650133,21,7.233,14.712,32.4,1059.0,7,1118
1779133354.5223062,22,6.548,15.315,23.5,1059.0,7,1118
1779133354.5706956,23,4.311,12.772,32.1,1059.0,7,1118
1779133354.6195,24,4.386,11.838,23.3,1059.0,7,1118
1779133354.685956,25,5.312,15.086,11.1,1059.0,7,1118
1779133354.7408175,26,4.842,13.576,27.7,1059.0,7,1118
1779133354.7894988,27,4.738,13.255,20.0,1059.0,7,1118
1779133354.8504865,28,4.658,13.320,16.7,1059.0,5,1118
1779133354.9119327,29,4.628,14.111,13.6,1059.0,5,1118
1779133354.964892,30,4.396,12.795,19.4,1059.0,5,1118
1779133355.0253153,31,6.091,13.525,21.8,1059.0,5,1118
1779133355.0737371,32,5.562,15.037,31.1,1059.0,5,1118
1779133355.122169,33,5.628,14.957,17.2,1059.0,5,1118
1779133355.1708965,34,5.430,15.384,29.2,1059.0,5,1118
1779133355.2319243,35,6.148,14.754,39.5,1059.0,5,1118
1779133355.2922556,36,7.026,16.648,35.9,1059.0,5,1118
1779133355.3400786,37,6.045,14.350,23.2,1059.0,8,1118
1779133355.3890185,38,4.625,12.045,29.8,1059.0,8,1118
1779133355.4437046,39,4.618,14.771,50.0,1059.0,8,1118
1779133355.4981189,40,5.064,13.538,23.8,1059.0,8,1118
1779133355.554638,41,6.779,16.378,30.1,1059.0,8,1118
1779133355.6087153,42,7.380,17.128,51.1,1059.0,8,1118
1779133355.662216,43,4.393,14.177,41.2,1059.0,8,1118
1779133355.7097144,44,4.901,13.486,48.3,1059.0,8,1118
1779133355.759455,45,4.985,14.029,36.2,1059.1,8,1118
1779133355.8136954,46,4.769,14.519,40.8,1059.1,8,1112
1779133355.86787,47,6.164,15.805,29.5,1059.1,7,1108
1779133355.9225056,48,5.774,14.244,21.8,1059.1,7,1112
1779133355.9763136,49,6.056,16.354,39.1,1059.1,7,1112
1779133356.0249918,50,5.376,14.359,34.7,1059.1,7,1112
1779133356.0736122,51,4.759,13.332,36.2,1059.1,7,1112
1779133356.1281424,52,5.515,14.184,27.1,1059.1,7,1112
1779133356.177044,53,5.637,14.933,31.9,1059.1,7,1112
1779133356.2489007,54,5.995,14.441,43.5,1059.1,7,1112
1779133356.2976348,55,5.598,14.345,36.2,1059.1,7,1112
1779133356.3603723,56,5.045,12.619,34.6,1059.1,5,1112
1779133356.413602,57,4.408,13.138,30.0,1059.1,5,1112
1779133356.4676626,58,5.270,14.936,18.4,1059.1,5,1112
1779133356.5164194,59,5.316,13.827,30.2,1059.1,5,1112
1779133356.5704038,60,5.744,13.150,47.7,1059.1,5,1112
1779133356.6251488,61,6.131,14.767,25.4,1059.1,5,1112
1779133356.673792,62,4.699,13.070,36.4,1059.1,5,1112
1779133356.7215078,63,5.612,14.183,36.1,1059.1,5,1112
1779133356.7767844,64,6.350,15.489,20.8,1059.1,5,1112
1779133356.826273,65,6.599,14.071,25.5,1059.1,7,1112
1779133356.8858602,66,6.321,14.926,41.0,1059.1,7,1112
1779133356.940758,67,5.137,13.796,34.0,1059.1,7,1112
1779133357.0151052,68,7.061,18.048,50.0,1059.1,7,1112
1779133357.0823076,69,5.703,14.899,37.2,1059.1,7,1112
1779133357.1349154,70,4.870,14.549,50.0,1060.0,7,1112
1779133357.1927168,71,4.902,13.311,34.1,1060.0,7,1112
1779133357.2444868,72,4.227,13.415,31.1,1060.0,7,1112
1779133357.2979817,73,4.682,13.189,22.5,1060.0,7,1112
1779133357.346751,74,6.793,15.603,48.9,1060.0,6,1112
1779133357.3943708,75,5.433,13.969,17.4,1060.0,6,1112
1779133357.445296,76,5.106,14.046,14.0,1060.0,6,1112
1779133357.511431,77,8.745,19.352,5.7,1060.0,6,1112
1779133357.5713959,78,8.531,16.986,10.6,1060.0,6,1112
1779133357.625343,79,6.802,14.120,28.7,1060.0,6,1112
1779133357.6961493,80,6.021,15.393,22.7,1060.0,6,1112
1779133357.759075,81,7.612,17.186,10.7,1060.0,6,1112
1779133357.8216338,82,13.163,20.676,18.3,1060.0,15,1111
1779133357.9086313,83,7.892,18.237,8.8,1060.0,15,1107
1779133357.964767,84,7.396,15.544,22.5,1060.0,15,1107
1779133358.0218914,85,6.552,15.032,20.0,1060.0,15,1107
1779133358.0895853,86,6.921,18.094,16.2,1059.9,15,1107
1779133358.149857,87,8.206,16.856,5.8,1059.9,15,1107
1779133358.225105,88,7.483,19.448,14.0,1059.9,15,1107
1779133358.281291,89,9.072,17.759,11.8,1059.9,15,1107
1779133358.342447,90,6.406,16.227,29.0,1059.9,6,1107
1779133358.3943224,91,7.871,17.616,18.2,1059.9,6,1107
1779133358.443331,92,6.404,13.730,10.3,1059.9,6,1107
1779133358.4936087,93,6.995,15.483,14.0,1059.9,6,1105
1779133358.5461745,94,6.439,16.377,7.1,1059.9,6,1105
1779133358.600933,95,10.220,18.930,35.2,1059.9,6,1105
1779133358.6491573,96,6.712,14.669,20.0,1059.9,6,1105
1779133358.697884,97,7.419,15.941,10.0,1059.9,6,1105
1779133358.7528114,98,6.380,15.227,7.5,1059.9,6,1105
1779133358.8283427,99,11.187,18.530,33.9,1059.9,6,1105
1779133358.886061,100,6.714,15.695,23.4,1059.9,14,1105
1779133358.9497695,101,8.467,18.189,16.7,1059.9,14,1105
1779133359.0066104,102,9.085,21.231,15.4,1059.9,14,1105
1779133359.0621445,103,7.363,15.703,10.0,1059.9,14,1105
1779133359.1177588,104,6.886,15.393,25.0,1059.9,14,1105
1779133359.1735458,105,6.433,15.095,6.3,1059.9,14,1105
1779133359.2401636,106,6.842,15.197,21.7,1059.9,14,1105
1779133359.302862,107,8.287,17.817,14.9,1059.9,14,1105
1779133359.3645978,108,10.025,20.369,26.9,1059.9,11,1105
1779133359.4128137,109,7.306,14.907,33.9,1059.9,11,1105
1779133359.4682572,110,9.071,17.552,14.0,1059.9,11,1105
1779133359.5290315,111,6.760,17.509,23.4,1059.9,11,1105
1779133359.5825984,112,5.943,15.570,8.3,1059.9,11,1105
1779133359.6591287,113,5.126,12.860,24.0,1059.9,11,1105
1779133359.716353,114,5.856,15.848,16.5,1059.9,11,1105
1779133359.7772942,115,10.513,18.898,19.0,1059.9,11,1105
1779133359.832407,116,6.332,13.917,28.9,1059.9,15,1105
1779133359.8925996,117,8.888,17.622,19.0,1059.9,15,1105
1779133359.9457886,118,7.268,15.921,25.9,1059.9,15,1105
1779133359.9945993,119,6.090,14.407,8.2,1059.9,15,1105
1779133360.0652034,120,5.635,13.993,5.3,1059.9,15,1105
1779133360.1218,121,8.049,19.168,16.3,1059.9,15,1105
1779133360.1700442,122,5.997,14.912,6.4,1059.9,15,1105
1779133360.2292304,123,7.480,15.885,21.2,1059.9,15,1105
1779133360.2917829,124,9.718,20.510,16.7,1059.9,15,1105
1779133360.3807309,125,11.790,21.250,9.9,1059.9,9,1105
1779133360.4443436,126,7.392,20.053,28.0,1059.9,9,1105
1779133360.497679,127,8.809,17.531,22.2,1059.9,9,1105
1779133360.552427,128,7.496,15.815,15.0,1059.9,9,1105
1779133360.606678,129,7.295,16.343,16.1,1059.9,9,1105
1779133360.6560502,130,6.695,14.507,25.0,1059.9,9,1105
1779133360.7057707,131,6.954,15.250,19.0,1059.9,9,1105
1779133360.776499,132,6.868,14.811,15.9,1059.9,9,1105
1779133360.8376713,133,7.178,18.746,16.4,1059.9,12,1105
1779133360.890299,134,6.355,16.064,13.0,1059.9,12,1105
1779133360.945823,135,6.378,15.639,16.7,1059.9,12,1104
1779133361.0004733,136,7.408,15.779,11.6,1059.9,12,1104
1779133361.0556195,137,6.723,15.532,26.1,1059.9,12,1104
1779133361.116377,138,8.863,17.729,15.8,1059.9,12,1104
1779133361.1998293,139,6.290,13.976,7.8,1059.9,12,1104
1779133361.2685397,140,9.107,19.868,18.0,1059.9,12,1104
1779133361.333633,141,9.068,17.722,20.0,1059.9,16,1104
1779133361.3826056,142,7.051,15.758,20.0,1059.9,16,1104
1779133361.446238,143,6.238,15.515,14.0,1059.9,16,1104
1779133361.5139232,144,6.456,13.720,7.6,1059.9,16,1104
1779133361.6109061,145,13.713,22.113,25.8,1059.9,16,1104
1779133361.7066765,146,12.597,21.724,44.8,1059.9,16,1104
1779133361.779072,147,8.727,19.694,33.0,1060.0,16,1104
1779133361.858027,148,13.331,22.620,37.2,1060.0,17,1104
1779133361.9457114,149,7.750,18.195,34.2,1060.0,17,1104
1779133362.013137,150,9.033,17.535,28.0,1060.0,17,1104
1779133362.0702899,151,9.139,18.341,22.2,1060.0,17,1104
1779133362.1290653,152,6.938,15.545,7.7,1060.0,17,1104
1779133362.1872313,153,6.757,14.155,17.5,1060.0,17,1104
1779133362.244967,154,7.410,15.067,16.0,1060.0,17,1104
1779133362.3020947,155,8.467,16.994,15.9,1060.0,17,1104
1779133362.373921,156,12.320,22.621,16.4,1060.0,9,1104
1779133362.4331248,157,7.548,16.776,25.0,1060.0,9,1103
1779133362.49369,158,5.871,14.497,12.7,1060.0,9,1103
1779133362.5497932,159,7.288,17.463,16.4,1060.0,9,1103
1779133362.6066012,160,7.178,15.597,23.8,1060.0,9,1103
1779133362.6741352,161,9.940,18.508,7.9,1060.0,9,1103
1779133362.7358203,162,8.243,15.674,22.8,1060.0,9,1103
1779133362.7881577,163,8.290,16.603,33.8,1060.0,9,1103
1779133362.8613424,164,11.597,20.185,21.7,1060.0,11,1103
1779133362.9171398,165,8.555,18.553,33.8,1060.0,11,1103
1779133362.9809098,166,9.813,18.248,19.0,1060.0,11,1103
1779133363.0528626,167,6.554,16.002,18.1,1060.0,11,1103
1779133363.1079338,168,7.228,16.517,26.2,1060.0,11,1103
1779133363.1768382,169,7.124,17.108,23.5,1060.0,11,1103
1779133363.2307322,170,7.314,14.638,21.4,1060.0,11,1103
1779133363.29718,171,7.971,16.284,11.5,1060.0,11,1103
1779133363.365957,172,6.451,14.760,24.4,1060.0,10,1103
1779133363.4186542,173,7.961,17.052,23.3,1060.0,10,1103
1779133363.4772227,174,7.361,15.664,16.7,1060.0,10,1103
1779133363.532914,175,8.889,18.363,32.8,1060.0,10,1103
1779133363.5944982,176,7.328,15.722,38.9,1060.0,10,1103
1779133363.6622834,177,7.475,17.283,27.5,1060.0,10,1104
1779133363.7153738,178,8.610,17.347,29.7,1060.0,10,1104
1779133363.778471,179,10.287,18.994,26.8,1060.0,10,1104
1779133363.8434198,180,7.319,15.436,10.3,1060.0,16,1103
1779133363.9020255,181,8.099,16.697,12.5,1060.0,16,1100
1779133363.9666126,182,8.523,17.954,5.6,1060.0,16,1100
1779133364.027583,183,7.974,18.090,17.7,1060.0,16,1100
1779133364.0867379,184,7.092,16.486,23.1,1060.0,16,1100
1779133364.1400018,185,6.670,12.352,22.8,1060.0,16,1100
1779133364.1947205,186,6.100,13.488,18.4,1060.0,16,1100
1779133364.242611,187,5.971,13.474,17.7,1060.0,16,1100
1779133364.3068411,188,5.005,13.333,18.2,1060.0,16,1100
1779133364.3842752,189,8.766,19.176,9.2,1060.0,6,1100
1779133364.4534287,190,8.930,19.343,13.6,1060.0,6,1100
1779133364.5181508,191,7.923,16.546,20.5,1060.0,6,1100
1779133364.5699105,192,7.531,16.691,6.8,1060.0,6,1100
1779133364.6249542,193,8.564,16.974,14.3,1060.0,6,1100
1779133364.6762486,194,6.701,13.978,13.5,1060.0,6,1100
1779133364.7338061,195,7.792,16.111,30.9,1060.0,6,1100
1779133364.8093266,196,7.078,16.427,21.9,1060.0,6,1100
1779133364.8613594,197,6.059,13.878,13.0,1060.0,8,1100
1779133364.922287,198,7.762,16.432,27.7,1060.0,8,1100
1779133364.980369,199,6.672,14.145,14.7,1060.0,8,1100
1779133365.0378723,200,8.312,17.050,3.8,1060.0,8,1100
1779133365.0910084,201,6.606,15.136,15.9,1060.0,8,1100
1779133365.153686,202,8.265,17.839,16.2,1060.0,8,1100
1779133365.2177548,203,6.887,17.267,21.6,1060.0,8,1100
1779133365.2679107,204,7.129,15.329,10.1,1060.0,8,1100
1779133365.323754,205,6.618,14.888,22.9,1060.0,8,1100
1779133365.376119,206,7.118,15.927,15.3,1060.0,16,1100
1779133365.4370105,207,7.457,15.708,100.0,1060.0,16,1100
1779133365.4906516,208,7.674,15.127,6.4,1060.0,16,1100
1779133365.5466838,209,8.417,15.746,12.8,1060.0,16,1100
1779133365.5939345,210,5.496,13.105,28.8,1060.0,16,1100
1779133365.6512158,211,5.319,13.652,19.5,1060.0,16,1100
1779133365.7152467,212,6.923,16.655,15.6,1060.0,16,1100
1779133365.7705374,213,7.243,15.259,17.4,1060.0,16,1100
1779133365.8381715,214,6.664,15.725,26.5,1060.0,12,1100
1779133365.8970134,215,7.510,17.225,10.6,1060.0,12,1100
1779133365.9580615,216,6.802,16.416,10.6,1060.0,12,1100
1779133366.0148332,217,5.889,16.034,29.4,1060.0,12,1100
1779133366.0744967,218,8.201,16.589,17.0,1060.0,12,1100
1779133366.1260855,219,6.246,13.799,4.6,1060.0,12,1100
1779133366.17555,220,7.264,15.392,26.2,1060.0,12,1100
1779133366.2319093,221,7.930,15.275,13.8,1060.0,12,1100
1779133366.2849693,222,6.705,14.106,19.4,1060.0,12,1100
1779133366.3541603,223,8.260,17.872,29.8,1060.0,12,1100
1779133366.4138422,224,6.996,16.441,21.3,1060.0,12,1100
1779133366.4728453,225,7.353,14.790,9.3,1060.0,12,1100
1779133366.521276,226,6.740,15.223,19.7,1060.0,12,1100
1779133366.5776587,227,6.948,15.346,19.0,1060.0,12,1100
1779133366.6369119,228,8.057,17.600,35.7,1060.0,12,1100
1779133366.6909704,229,7.560,17.468,10.1,1060.0,12,1100
1779133366.751961,230,9.987,18.265,15.3,1060.0,12,1100
1779133366.8058414,231,8.106,15.819,22.6,1060.0,12,1100
1779133366.869032,232,6.094,14.344,13.6,1060.0,14,1100
1779133366.923277,233,6.810,13.341,13.8,1060.0,14,1100
1779133366.9831583,234,8.055,19.959,23.0,1060.0,14,1100
1779133367.0298007,235,6.718,15.118,17.5,1060.0,14,1100
1779133367.0828707,236,5.958,15.294,14.3,1060.0,14,1100
1779133367.134333,237,7.806,18.252,11.1,1060.0,14,1100
1779133367.1898224,238,4.688,12.144,10.4,1060.0,14,1100
1779133367.2374542,239,5.761,13.282,11.5,1060.0,14,1100
1779133367.2911627,240,5.359,14.787,24.4,1060.0,14,1100
1779133367.3472621,241,7.474,14.777,8.9,1060.0,9,1100
1779133367.4001482,242,5.881,14.413,29.3,1060.0,9,1100
1779133367.4539576,243,7.127,15.618,8.3,1060.0,9,1100
1779133367.516796,244,8.139,16.540,24.1,1060.0,9,1100
1779133367.56347,245,6.568,13.399,22.9,1060.0,9,1100
1779133367.6130853,246,5.804,14.265,19.0,1060.0,9,1100
1779133367.6611638,247,5.533,13.670,34.2,1060.0,9,1100
1779133367.716014,248,7.668,15.104,13.6,1060.0,9,1100
1779133367.7922566,249,7.579,15.319,9.1,1060.0,9,1100
1779133367.8495524,250,7.416,18.322,9.9,1060.0,5,1100
1779133367.903235,251,6.770,14.516,32.7,1060.0,5,1100
1779133367.9677773,252,5.791,14.395,5.2,1060.0,5,1100
1779133368.0180092,253,7.518,17.270,23.8,1060.0,5,1100
1779133368.072618,254,4.690,12.553,28.9,1060.0,5,1100
1779133368.1393664,255,5.407,13.731,7.9,1060.0,5,1100
1779133368.195482,256,4.661,16.412,23.8,1060.0,5,1100
1779133368.2422907,257,4.803,11.151,7.5,1060.0,5,1100
1779133368.2988985,258,7.098,15.724,23.4,1060.0,5,1100
1779133368.3480613,259,4.772,13.692,10.1,1060.0,6,1100
1779133368.4016647,260,5.342,12.581,30.3,1060.0,6,1100
1779133368.4608762,261,7.612,14.211,18.1,1060.0,6,1100
1779133368.512397,262,5.380,13.174,21.6,1060.0,6,1100
1779133368.5692785,263,9.199,14.748,9.8,1060.0,6,1100
1779133368.6239305,264,7.279,14.597,14.3,1060.0,6,1100
1779133368.6874974,265,6.730,15.097,24.1,1060.0,6,1100
1779133368.740023,266,5.979,14.464,23.4,1060.0,6,1100
1779133368.7876852,267,4.949,14.131,24.5,1060.0,6,1100
1779133368.8358788,268,8.134,16.489,7.5,1060.0,9,1100
1779133368.8858483,269,5.179,13.440,19.4,1060.0,9,1100
1779133368.9356678,270,4.808,11.618,13.6,1060.0,9,1100
1779133368.9886117,271,5.649,13.581,25.6,1060.0,9,1100
1779133369.045172,272,5.670,14.185,10.6,1060.0,9,1100
1779133369.117585,273,7.181,17.554,30.8,1060.0,9,1100
1779133369.1787386,274,6.608,15.883,10.5,1060.0,9,1100
1779133369.236223,275,4.722,13.747,21.5,1060.0,9,1100
1779133369.2906923,276,10.749,18.383,34.0,1060.0,9,1100
1779133369.3496995,277,7.319,16.055,6.9,1060.0,5,1100
1779133369.421173,278,5.488,15.135,22.4,1060.0,5,1100
1779133369.4805143,279,7.087,16.861,13.2,1060.0,5,1100
1779133369.5332856,280,5.046,13.727,2.8,1060.0,5,1100
1779133369.6002896,281,5.917,15.485,22.6,1060.0,5,1100
1779133369.66051,282,8.367,16.934,11.1,1060.0,5,1100
1779133369.731523,283,5.039,13.874,24.5,1060.0,5,1100
1779133369.7935846,284,8.925,19.854,20.5,1060.0,5,1100
1779133369.854671,285,6.300,15.685,16.1,1060.0,5,1100
1779133369.9142928,286,5.358,13.836,19.3,1060.0,5,1100
1779133369.9810212,287,7.348,16.501,28.8,1060.0,5,1100
1779133370.052822,288,6.837,16.754,9.1,1060.0,5,1100
1779133370.1088033,289,6.348,15.217,18.5,1060.0,5,1100
1779133370.1651204,290,8.207,16.539,18.0,1060.0,5,1100
1779133370.2189472,291,5.556,14.205,10.5,1060.0,5,1100
1779133370.2738295,292,6.786,15.210,21.7,1060.0,5,1100
1779133370.3477776,293,6.839,17.056,23.8,1060.0,16,1100
1779133370.4054174,294,8.599,16.645,14.7,1060.0,16,1100
1779133370.4602058,295,7.955,16.564,18.5,1060.0,16,1100
1779133370.5216255,296,7.809,16.151,9.1,1060.0,16,1100
1779133370.5880299,297,10.709,19.427,19.3,1060.0,16,1100
1779133370.642359,298,9.267,15.572,16.5,1060.0,16,1100
1779133370.69049,299,6.183,15.534,24.3,1060.0,16,1100
1779133370.7395973,300,8.005,15.894,29.7,1060.0,16,1100
1779133370.7948854,301,6.144,15.013,11.8,1060.0,16,1100
1779133370.862697,302,5.976,16.162,18.0,1060.0,6,1100
1779133370.9156077,303,5.470,15.267,8.2,1060.0,6,1100
1779133370.9696224,304,6.214,13.551,9.5,1060.0,6,1100
1779133371.0261006,305,6.340,15.756,14.8,1060.0,6,1100
1779133371.0785363,306,7.394,16.601,14.3,1060.0,6,1100
1779133371.1352644,307,7.522,16.314,13.1,1060.0,6,1100
1779133371.1898527,308,6.760,16.743,21.2,1060.0,6,1100
1779133371.2558067,309,8.288,16.062,22.4,1060.0,6,1100
1779133371.3091574,310,7.872,18.345,22.5,1060.0,6,1100
1779133371.3781352,311,8.400,17.722,18.0,1060.0,10,1100
1779133371.4295516,312,6.698,16.470,12.7,1060.0,10,1100
1779133371.4913785,313,6.738,15.665,20.0,1060.0,10,1100
1779133371.5530865,314,7.166,15.848,7.7,1060.0,10,1100
1779133371.6125948,315,9.006,16.607,13.6,1060.0,10,1100
1779133371.6872602,316,8.567,19.218,15.5,1060.0,10,1100
1779133371.7423646,317,8.613,18.142,14.3,1060.0,10,1100
1779133371.8055768,318,9.897,21.680,10.9,1060.0,10,1100
1779133371.86067,319,7.761,17.394,12.2,1060.0,13,1100
1779133371.9156156,320,7.065,16.395,31.1,1060.0,13,1100
1779133371.9777572,321,6.728,18.523,12.3,1060.0,13,1100
1779133372.037051,322,7.836,18.026,6.1,1060.0,13,1100
1779133372.0995135,323,6.387,14.867,21.8,1060.0,13,1100
1779133372.1650639,324,9.579,21.237,13.3,1060.0,13,1100
1779133372.2240736,325,7.937,16.784,17.2,1060.0,13,1100
1779133372.2776012,326,6.327,14.815,28.3,1060.0,13,1100
1779133372.3271239,327,6.887,16.220,9.6,1060.0,15,1100
1779133372.3751853,328,5.277,13.507,25.0,1060.0,15,1100
1779133372.4358778,329,6.757,23.692,10.4,1060.0,15,1100
1779133372.5125668,330,7.362,16.179,31.2,1060.0,15,1100
1779133372.5919487,331,10.970,21.928,14.5,1060.0,15,1100
1779133372.6489403,332,8.823,17.266,23.4,1060.0,15,1100
1779133372.7231016,333,6.915,14.405,18.6,1060.0,15,1100
1779133372.7914546,334,5.205,11.941,30.9,1060.0,15,1100
1779133372.8477678,335,6.752,14.432,5.9,1060.0,8,1100
1779133372.9046779,336,5.714,14.122,21.0,1060.0,8,1100
1779133372.9641225,337,8.192,16.521,14.9,1060.0,8,1100
1779133373.0259602,338,8.046,15.548,7.5,1060.0,8,1100
1779133373.0779989,339,6.912,16.811,23.8,1060.0,8,1100
1779133373.1388915,340,6.131,14.463,15.2,1060.0,8,1100
1779133373.1868124,341,5.328,13.335,21.7,1060.0,8,1100
1779133373.241934,342,5.979,15.421,15.6,1060.0,8,1100
1779133373.2955766,343,5.771,15.136,33.3,1060.0,8,1100
1779133373.3497627,344,5.536,14.908,100.0,1060.0,5,1100
1779133373.3993347,345,4.664,13.005,14.1,1060.0,5,1100
1779133373.4543095,346,6.090,14.946,13.6,1060.0,5,1100
1779133373.5060937,347,5.121,13.169,11.5,1060.0,5,1100
1779133373.5590537,348,4.986,15.051,15.3,1060.0,5,1100
1779133373.6129096,349,6.621,16.624,3.7,1060.0,5,1100
1779133373.6667228,350,6.314,12.740,25.5,1060.0,5,1100
1779133373.7167847,351,4.526,12.829,3.7,1060.0,5,1100
1779133373.7750015,352,8.463,17.875,23.3,1060.0,5,1100
1779133373.8241727,353,6.562,14.982,2.7,1060.0,12,1100
1779133373.8784206,354,6.788,15.213,9.5,1060.0,12,1100
1779133373.9323075,355,5.919,14.258,16.4,1060.0,12,1100
1779133373.9808574,356,6.444,15.338,14.0,1060.0,12,1100
1779133374.0326738,357,7.619,14.361,9.5,1060.0,12,1100
1779133374.0842102,358,8.008,18.321,17.6,1060.0,12,1100
1779133374.1587389,359,6.545,16.205,8.7,1060.0,12,1100
1779133374.2187848,360,8.273,18.771,20.9,1060.0,12,1100
1779133374.2726884,361,6.246,13.704,22.7,1060.0,12,1100
1779133374.3269215,362,7.636,16.130,4.8,1060.0,17,1100
1779133374.3888717,363,6.938,14.304,13.0,1060.0,17,1100
1779133374.4521787,364,10.023,20.050,30.9,1060.0,17,1100
1779133374.5024173,365,5.491,12.990,14.5,1060.0,17,1100
1779133374.5710967,366,7.242,15.795,12.8,1060.0,17,1100
1779133374.6316483,367,6.594,16.754,11.3,1060.0,17,1100
1779133374.6904242,368,6.917,16.182,20.3,1060.0,17,1100
1779133374.7382815,369,6.937,15.274,39.1,1060.0,17,1100
1779133374.7873735,370,7.936,15.408,15.2,1060.0,17,1100
1779133374.8476732,371,10.268,19.881,3.7,1060.0,14,1100
1779133374.9388452,372,11.121,19.582,23.7,1060.0,14,1100
1779133374.9932845,373,7.840,13.903,30.6,1060.0,14,1100
1779133375.0474083,374,6.600,14.059,17.3,1060.0,14,1100
1779133375.1098166,375,7.217,16.717,32.7,1060.0,14,1100
1779133375.1666636,376,8.384,18.220,14.5,1060.0,14,1100
1779133375.2227843,377,7.141,15.817,6.5,1060.0,14,1100
1779133375.2921028,378,7.243,15.815,25.9,1060.0,14,1100
1779133375.3506937,379,7.922,20.273,32.1,1060.0,11,1100
1779133375.406826,380,6.842,15.243,12.5,1060.0,11,1100
1779133375.4613621,381,7.938,15.425,12.7,1060.0,11,1100
1779133375.5223036,382,8.440,18.617,2.1,1060.0,11,1100
1779133375.6039758,383,10.974,19.751,35.2,1060.0,11,1100
1779133375.6731136,384,9.761,17.941,18.2,1060.0,11,1100
1779133375.7325606,385,7.396,15.845,26.5,1060.0,11,1100
1779133375.7869797,386,6.771,14.151,13.0,1060.0,11,1100
1779133375.8430574,387,7.535,15.876,13.4,1060.0,14,1100
1779133375.9110062,388,7.553,17.216,27.8,1060.0,14,1100
1779133375.978795,389,7.285,17.705,12.5,1060.0,14,1100
1779133376.0366945,390,7.781,17.357,7.2,1060.0,14,1100
1779133376.0844898,391,6.196,13.866,25.0,1060.0,14,1100
1779133376.1531043,392,9.809,19.392,3.2,1060.0,14,1100
1779133376.2201846,393,6.484,14.734,12.3,1060.0,14,1100
1779133376.2779112,394,6.765,18.346,22.7,1060.0,14,1100
1779133376.3355536,395,5.231,13.598,8.7,1060.0,6,1100
1779133376.3997896,396,8.468,17.330,19.7,1060.0,6,1100
1779133376.4605663,397,7.065,15.240,11.3,1060.0,6,1100
1779133376.525509,398,8.603,18.031,5.3,1060.0,6,1100
1779133376.5823598,399,7.177,15.792,19.4,1060.0,6,1100
1779133376.6328604,400,7.949,15.517,20.4,1060.0,6,1100
1779133376.6968386,401,8.195,16.854,10.9,1060.0,6,1100
1779133376.754798,402,7.800,15.321,11.8,1060.0,6,1100
1779133376.8056154,403,7.823,16.295,22.2,1060.0,6,1100
1779133376.8577724,404,7.280,15.676,13.5,1060.0,11,1100
1779133376.910048,405,7.444,16.828,19.6,1060.0,11,1100
1779133376.9703343,406,7.583,17.061,19.4,1060.0,11,1100
1779133377.0379329,407,8.253,15.921,17.6,1060.0,11,1100
1779133377.1120427,408,11.675,21.329,19.5,1060.0,11,1100
1779133377.1627145,409,8.187,16.209,37.3,1060.0,11,1100
1779133377.2123678,410,7.294,15.654,14.3,1060.0,11,1100
1779133377.2674737,411,8.187,18.743,19.7,1060.0,11,1100
1779133377.3138444,412,7.077,14.310,23.9,1060.0,11,1100
1779133377.3747957,413,8.556,17.827,19.0,1060.0,16,1100
1779133377.4230373,414,7.164,14.585,16.1,1060.0,16,1100
1779133377.4814978,415,5.955,15.410,14.3,1060.0,16,1100
1779133377.5464704,416,5.389,14.130,7.4,1060.0,16,1100
1779133377.6059015,417,10.248,19.758,15.3,1060.0,16,1100
1779133377.6657705,418,9.617,19.214,20.8,1060.0,16,1100
1779133377.7265303,419,9.910,18.386,3.7,1060.0,16,1100
1779133377.7827485,420,5.932,16.150,17.8,1060.0,16,1100
1779133377.8348753,421,7.842,17.607,26.9,1060.0,15,1100
1779133377.886867,422,5.320,14.622,11.1,1060.0,15,1100
1779133377.9585397,423,5.437,14.074,20.0,1060.0,15,1100
1779133378.0119565,424,5.684,16.292,16.0,1060.0,15,1100
1779133378.07373,425,6.710,15.600,21.6,1060.0,15,1100
1779133378.1264005,426,5.581,15.102,11.1,1060.0,15,1100
1779133378.18137,427,6.184,14.574,26.4,1060.0,15,1100
1779133378.2354236,428,6.101,14.531,7.6,1060.0,15,1100
1779133378.293125,429,9.003,16.685,30.2,1060.0,15,1100
1779133378.3653855,430,7.201,15.788,5.5,1060.0,9,1100
1779133378.4296582,431,8.255,20.009,9.4,1060.0,9,1100
1779133378.485415,432,6.773,15.237,14.5,1060.0,9,1100
1779133378.5392847,433,7.201,14.843,24.1,1060.0,9,1100
1779133378.5925753,434,6.960,14.567,13.0,1060.0,9,1100
1779133378.6411834,435,6.540,14.992,25.9,1060.0,9,1100
1779133378.6954799,436,10.051,17.698,12.0,1060.0,9,1100
1779133378.7573507,437,6.932,15.158,9.1,1060.0,9,1100
1779133378.8112285,438,6.479,15.516,7.7,1060.0,9,1100
1779133378.8790743,439,6.575,15.106,22.2,1060.0,11,1100
1779133378.9487681,440,6.487,13.771,14.9,1060.0,11,1100
1779133379.0053706,441,8.826,19.283,18.5,1060.0,11,1100
1779133379.0594645,442,6.516,16.182,14.0,1060.0,11,1100
1779133379.1140118,443,6.722,15.829,8.3,1060.0,11,1100
1779133379.189147,444,6.989,15.379,37.7,1060.0,11,1100
1779133379.2537613,445,8.029,17.373,12.8,1060.0,11,1100
1779133379.3157184,446,6.952,16.274,22.5,1060.0,11,1100
1779133379.3774488,447,6.916,15.323,18.8,1060.0,13,1100
1779133379.4350886,448,6.765,16.016,14.3,1060.0,13,1100
1779133379.5047429,449,8.815,16.197,12.0,1060.0,13,1100
1779133379.5708642,450,9.024,17.009,20.7,1060.0,13,1100
1779133379.6391973,451,8.901,19.520,5.3,1060.0,13,1100
1779133379.7048762,452,9.148,17.921,17.1,1060.0,13,1100
1779133379.768498,453,8.076,18.731,36.9,1060.0,13,1100
1779133379.8297658,454,7.687,16.200,31.5,1060.0,17,1100
1779133379.8844693,455,7.239,15.941,12.1,1060.0,17,1100
1779133379.9324431,456,5.865,15.657,15.9,1060.0,17,1100
1779133380.0011852,457,7.660,18.039,6.8,1060.0,17,1100
1779133380.074019,458,8.724,19.445,22.9,1060.0,17,1100
1779133380.1352277,459,5.513,14.146,31.1,1060.0,17,1100
1779133380.1930573,460,10.015,19.358,16.0,1060.0,17,1100
1779133380.253264,461,6.628,15.270,14.0,1060.0,17,1100
1779133380.3224096,462,10.792,18.333,18.5,1060.0,17,1100
1779133380.3861578,463,8.118,18.701,10.3,1060.0,12,1100
1779133380.454777,464,7.823,17.409,18.3,1060.0,12,1100
1779133380.5078726,465,6.516,13.747,15.9,1060.0,12,1100
1779133380.5626628,466,7.239,15.516,16.7,1060.0,12,1100
1779133380.6328099,467,6.580,15.891,14.0,1060.0,12,1100
1779133380.6836557,468,6.282,15.213,12.1,1060.0,12,1100
1779133380.746833,469,6.791,15.294,27.5,1060.0,12,1100
1779133380.8005712,470,9.430,16.229,9.5,1060.0,12,1100
1779133380.8641844,471,9.701,19.584,26.8,1060.0,8,1100
1779133380.942016,472,7.800,17.545,12.1,1060.0,8,1100
1779133380.9983616,473,8.443,18.594,15.7,1060.0,8,1100
1779133381.053071,474,8.252,15.475,20.9,1060.0,8,1100
1779133381.1082485,475,6.589,15.407,15.0,1060.0,8,1100
1779133381.1635833,476,5.929,15.555,19.1,1060.0,8,1100
1779133381.2170084,477,6.595,13.996,9.2,1060.0,8,1100
1779133381.2805514,478,8.420,16.782,30.8,1060.0,8,1100
1779133381.352389,479,9.074,18.299,18.8,1060.0,13,1100
1779133381.4070342,480,7.250,16.809,7.0,1060.0,13,1100
1779133381.4657393,481,9.773,16.828,32.1,1060.0,13,1100
1779133381.5216117,482,6.874,15.282,11.5,1060.0,13,1100
1779133381.5745165,483,6.957,14.861,33.3,1060.0,13,1100
1779133381.6304646,484,8.491,17.028,10.3,1060.0,13,1100
1779133381.6846037,485,10.579,17.870,24.0,1060.0,13,1100
1779133381.7391036,486,8.174,15.471,25.0,1060.0,13,1100
1779133381.7955573,487,7.363,14.264,12.1,1060.0,13,1100
1779133381.861278,488,8.950,18.569,27.3,1060.0,9,1100
1779133381.9136736,489,6.902,17.103,14.9,1060.0,9,1100
1779133381.970388,490,8.306,16.670,18.6,1060.0,9,1100
1779133382.0222573,491,7.325,17.047,18.2,1060.0,9,1100
1779133382.0804453,492,7.180,15.079,23.7,1060.0,9,1100
1779133382.1538892,493,6.991,16.352,23.9,1060.0,9,1100
1779133382.2239661,494,13.230,21.861,25.0,1060.0,9,1100
1779133382.2806494,495,8.298,17.849,27.0,1060.0,9,1100
1779133382.3383152,496,7.585,16.312,28.6,1060.0,16,1100
1779133382.3922677,497,6.688,14.959,12.8,1060.0,16,1100
1779133382.4474757,498,7.691,16.127,18.9,1060.0,16,1100
1779133382.5097227,499,9.781,18.597,6.0,1060.0,16,1100
1779133382.5826905,500,8.441,18.574,12.3,1060.0,16,1100
1779133382.6449687,501,6.458,16.349,13.9,1060.0,16,1100
1779133382.7272315,502,11.102,25.676,19.5,1060.0,16,1100
1779133382.789891,503,6.828,14.455,21.5,1060.0,16,1100
1779133382.8535752,504,8.043,18.087,13.6,1060.0,12,1100
1779133382.9285278,505,7.265,20.612,16.4,1060.0,12,1100
1779133383.007423,506,12.882,23.554,19.5,1060.0,12,1100
1779133383.0670474,507,12.551,19.512,21.0,1060.0,12,1100
1779133383.1321216,508,6.890,15.364,30.6,1060.0,12,1100
1779133383.2021468,509,7.568,15.860,4.8,1060.0,12,1100
1779133383.260927,510,7.691,17.550,26.0,1060.0,12,1100
1779133383.3140235,511,6.826,15.286,20.0,1060.0,12,1100
1779133383.365531,512,7.078,15.530,26.7,1060.0,14,1100
1779133383.4246197,513,6.853,18.473,13.2,1060.0,14,1100
1779133383.4903872,514,8.907,17.456,20.8,1060.0,14,1100
1779133383.5522828,515,7.340,17.737,14.1,1060.0,14,1100
1779133383.6205962,516,8.105,18.682,24.2,1060.0,14,1100
1779133383.6771793,517,9.965,18.932,31.2,1060.0,14,1100
1779133383.7361016,518,11.606,20.705,18.2,1060.0,14,1100
1779133383.7922258,519,11.760,20.096,16.7,1060.0,14,1100
1779133383.8532414,520,8.403,16.834,21.4,1060.0,11,1100
1779133383.923432,521,7.248,16.189,18.9,1060.0,11,1100
1779133383.9861221,522,7.514,17.234,21.7,1060.0,11,1100
1779133384.0428438,523,7.367,15.696,24.7,1060.0,11,1100
1779133384.1302538,524,6.143,15.036,7.5,1060.0,11,1100
1779133384.2070382,525,9.334,26.845,17.4,1060.0,11,1100
1779133384.265782,526,9.478,19.447,10.6,1060.0,11,1100
1779133384.3410616,527,10.697,19.642,25.0,1060.0,11,1100
1779133384.3984492,528,8.840,18.764,12.9,1060.0,14,1100
1779133384.4543808,529,7.330,15.818,20.8,1060.0,14,1100
1779133384.5162735,530,6.748,14.898,18.0,1060.0,14,1100
1779133384.5797272,531,6.757,16.163,14.3,1060.0,14,1100
1779133384.6440153,532,7.414,15.581,37.8,1060.0,14,1100
1779133384.7005029,533,7.177,16.204,20.9,1060.0,14,1100
1779133384.7562625,534,10.858,19.110,30.2,1060.0,14,1100
1779133384.8193948,535,7.378,15.424,5.6,1060.0,14,1100
1779133384.8850183,536,15.265,24.245,21.2,1060.0,12,1100
1779133384.9523842,537,9.593,17.038,17.0,1060.0,12,1100
1779133385.0167425,538,7.776,18.556,18.2,1060.0,12,1100
1779133385.073537,539,6.664,15.908,16.7,1060.0,12,1100
1779133385.1372714,540,7.230,14.346,8.8,1060.0,12,1100
1779133385.1907792,541,7.728,16.645,13.1,1060.0,12,1100
1779133385.2623167,542,7.790,18.257,28.6,1060.0,12,1100
1779133385.3351257,543,7.671,16.709,9.6,1060.0,11,1100
1779133385.3980715,544,9.879,20.481,12.5,1060.0,11,1100
1779133385.4619334,545,7.794,16.352,25.5,1060.0,11,1100
1779133385.52109,546,8.487,18.166,11.6,1060.0,11,1100
1779133385.5810757,547,8.881,19.124,25.5,1060.0,11,1100
1779133385.63528,548,10.951,19.759,24.3,1060.0,11,1100
1779133385.6960711,549,7.467,14.951,3.2,1060.0,11,1100
1779133385.7704973,550,6.387,15.346,15.7,1060.0,11,1100
1779133385.8218093,551,6.782,12.614,21.8,1060.0,11,1100
1779133385.8790238,552,9.833,19.275,9.3,1060.0,12,1100
1779133385.9319015,553,7.720,18.221,27.0,1060.0,12,1100
1779133385.9878588,554,6.523,16.972,6.7,1060.0,12,1100
1779133386.0415127,555,6.287,14.735,31.4,1060.0,12,1100
1779133386.1149633,556,8.987,24.487,8.2,1060.0,12,1100
1779133386.1943738,557,9.395,18.144,14.7,1060.0,12,1101
1779133386.253518,558,7.070,17.369,19.6,1060.0,12,1101
1779133386.3149943,559,12.306,19.224,34.5,1060.0,12,1101
1779133386.3755543,560,8.291,18.491,13.4,1060.0,12,1101
1779133386.459879,561,12.193,23.904,16.4,1060.0,12,1101
1779133386.5136642,562,5.701,15.823,52.1,1060.0,12,1101
1779133386.57557,563,7.442,14.880,13.6,1060.0,12,1101
1779133386.6412106,564,9.849,19.952,20.8,1060.0,12,1101
1779133386.7101123,565,11.626,20.156,21.6,1060.0,12,1101
1779133386.7680516,566,7.583,17.213,22.4,1060.0,12,1101
1779133386.8312588,567,8.210,15.692,26.0,1060.0,14,1101
1779133386.8892567,568,9.006,19.869,14.1,1060.0,14,1101
1779133386.950971,569,9.507,18.101,18.3,1060.0,14,1101
1779133387.019461,570,8.634,17.330,14.0,1060.0,14,1101
1779133387.0852282,571,10.402,21.810,6.3,1060.0,14,1101
1779133387.1493366,572,7.673,17.401,21.1,1060.0,14,1101
1779133387.2220602,573,6.571,16.265,20.3,1060.0,14,1101
1779133387.2824614,574,8.709,20.114,9.6,1060.0,14,1101
1779133387.350765,575,9.882,18.771,33.3,1060.0,13,1101
1779133387.405488,576,7.088,14.655,16.4,1060.0,13,1101
1779133387.4651265,577,7.307,18.976,16.7,1060.0,13,1101
1779133387.534281,578,7.410,14.620,23.1,1060.0,13,1101
1779133387.6010182,579,8.670,16.783,10.0,1060.0,13,1101
1779133387.6593373,580,8.622,17.707,14.1,1060.0,13,1101
1779133387.7165728,581,6.565,13.901,23.3,1060.0,13,1101
1779133387.7739892,582,7.656,17.941,16.4,1060.0,13,1101
1779133387.842697,583,5.850,16.486,20.0,1060.0,13,1101
1779133387.8959525,584,6.217,14.720,16.7,1060.0,14,1101
1779133387.9751308,585,11.625,21.353,35.4,1060.0,14,1101
1779133388.0345614,586,6.892,17.745,34.2,1060.0,14,1101
1779133388.098763,587,7.453,16.662,30.9,1060.0,14,1101
1779133388.1741042,588,14.236,24.370,31.3,1060.0,14,1101
1779133388.2283702,589,9.191,18.005,26.3,1060.0,14,1101
1779133388.2865934,590,9.036,16.464,3.4,1060.0,14,1101
1779133388.3418174,591,7.418,17.980,32.2,1060.0,12,1101
1779133388.397034,592,6.655,15.471,12.3,1060.0,12,1101
1779133388.4572957,593,6.636,16.091,11.1,1060.0,12,1101
1779133388.5197823,594,6.990,16.565,23.6,1060.0,12,1101
1779133388.5792868,595,7.131,14.699,16.1,1060.0,12,1101
1779133388.6387067,596,7.414,17.112,31.7,1060.0,12,1101
1779133388.6951177,597,6.894,16.464,14.9,1060.0,12,1101
1779133388.7612615,598,10.755,19.439,9.8,1060.0,12,1101
1779133388.835706,599,15.815,27.996,20.5,1060.0,14,1101
1779133388.9004452,600,8.719,17.729,13.8,1060.0,14,1101
1779133388.9555469,601,6.979,16.316,16.7,1060.0,14,1101
1779133389.010798,602,6.722,14.068,25.9,1060.0,14,1101
1779133389.0613437,603,7.682,15.349,3.6,1060.0,14,1101
1779133389.1249523,604,8.079,16.779,23.6,1060.0,14,1101
1779133389.2084312,605,9.966,18.508,10.3,1060.0,14,1101
1779133389.2676709,606,7.567,17.019,14.1,1060.0,14,1101
1779133389.3247814,607,8.376,17.577,19.4,1060.0,14,1101
1779133389.38,608,7.159,15.360,14.6,1060.0,15,1101
1779133389.430543,609,6.328,16.419,25.4,1060.0,15,1101
1779133389.4872653,610,7.381,16.077,6.1,1060.0,15,1101
1779133389.5441022,611,6.732,16.334,27.1,1060.0,15,1101
1779133389.5976436,612,6.736,17.399,8.5,1060.0,15,1101
1779133389.662019,613,7.651,16.143,14.5,1060.0,15,1101
1779133389.72775,614,13.292,23.769,21.5,1060.0,15,1101
1779133389.7857964,615,7.966,17.679,11.9,1060.0,15,1101
1779133389.8400524,616,6.805,14.264,21.4,1060.0,14,1101
1779133389.896992,617,7.168,14.665,5.7,1060.0,14,1101
1779133389.9613628,618,7.883,16.798,25.4,1060.0,14,1101
1779133390.0348895,619,8.653,19.465,23.8,1060.0,14,1101
1779133390.1036367,620,8.681,20.114,15.1,1060.0,14,1101
1779133390.1567824,621,7.915,14.020,20.8,1060.0,14,1101
1779133390.2157624,622,6.776,17.081,30.2,1060.0,14,1101
1779133390.278975,623,8.809,17.587,13.8,1060.0,14,1101
1779133390.3491263,624,7.741,16.600,14.9,1060.0,14,1101
1779133390.4047227,625,6.532,15.094,14.5,1060.0,14,1101
1779133390.4733944,626,6.814,15.423,8.9,1060.0,14,1101
1779133390.5248733,627,6.139,14.166,17.7,1060.0,14,1101
1779133390.5828896,628,9.346,19.609,3.3,1060.0,14,1101
1779133390.634347,629,6.725,15.478,19.6,1060.0,14,1101
1779133390.6892893,630,8.771,18.469,12.7,1060.0,14,1101
1779133390.7637208,631,7.401,14.811,21.3,1060.0,14,1101
1779133390.816048,632,8.138,17.753,22.5,1060.0,14,1101
1779133390.8764112,633,7.731,16.395,13.2,1060.0,10,1101
1779133390.931594,634,9.191,18.436,17.5,1060.0,10,1101
1779133390.9860992,635,7.240,14.843,18.8,1060.0,10,1101
1779133391.0337408,636,7.025,14.355,23.0,1060.0,10,1101
1779133391.0890427,637,7.249,20.026,21.2,1060.0,10,1101
1779133391.1522262,638,7.009,16.286,11.1,1060.0,10,1101
1779133391.2108734,639,6.750,16.088,13.3,1060.0,10,1101
1779133391.2791755,640,8.071,17.737,6.9,1060.0,10,1101
1779133391.3461041,641,11.930,22.323,20.7,1060.0,16,1101
1779133391.399002,642,7.053,15.771,19.1,1060.0,16,1101
1779133391.4587066,643,6.546,15.424,10.2,1060.0,16,1101
1779133391.5148447,644,6.599,15.054,22.4,1060.0,16,1101
1779133391.5691533,645,6.884,14.564,10.9,1060.0,16,1101
1779133391.630024,646,6.647,14.461,24.2,1060.0,16,1101
1779133391.6903534,647,8.058,17.988,16.2,1060.0,16,1101
1779133391.7435777,648,6.047,15.552,14.0,1060.0,16,1101
1779133391.800167,649,8.599,16.869,14.3,1060.0,16,1101
1779133391.8474016,650,5.680,14.572,24.6,1060.0,11,1101
1779133391.9092135,651,6.471,13.879,20.0,1060.0,11,1101
1779133391.9679594,652,7.939,17.203,19.0,1060.0,11,1101
1779133392.0378182,653,14.734,23.772,35.1,1060.0,11,1101
1779133392.1101809,654,8.128,18.841,29.2,1060.0,11,1101
1779133392.1735103,655,8.045,17.953,24.3,1060.0,11,1101
1779133392.2421753,656,7.617,16.108,21.9,1060.0,11,1101
1779133392.3192897,657,7.848,19.835,13.7,1060.0,11,1101
1779133392.381686,658,8.850,16.263,16.5,1060.0,8,1101
1779133392.448638,659,9.466,19.520,17.9,1060.0,8,1101
1779133392.52883,660,12.602,23.146,24.3,1060.0,8,1101
1779133392.5853305,661,9.691,21.632,18.7,1060.0,8,1101
1779133392.6400197,662,6.705,20.163,12.7,1060.0,8,1101
1779133392.7017965,663,7.670,16.008,24.2,1060.0,8,1101
1779133392.7552524,664,8.928,18.423,18.8,1060.0,8,1101
1779133392.8310955,665,10.194,18.945,22.0,1060.0,8,1101
1779133392.8894944,666,12.391,21.803,16.5,1060.0,15,1101
1779133392.952159,667,7.719,15.250,17.3,1060.0,15,1101
1779133393.0185974,668,10.824,21.544,21.3,1060.0,15,1101
1779133393.0781114,669,8.116,16.719,16.7,1060.0,15,1101
1779133393.179123,670,7.743,16.758,22.6,1060.0,15,1101
1779133393.249869,671,7.843,16.905,45.1,1060.0,15,1101
1779133393.3135126,672,7.952,17.519,31.0,1060.0,15,1101
1779133393.3658445,673,6.848,14.361,17.5,1060.0,8,1101
1779133393.4221249,674,6.737,16.473,15.1,1060.0,8,1101
1779133393.481759,675,7.971,16.457,14.3,1060.0,8,1101
1779133393.5378995,676,6.702,16.393,13.0,1060.0,8,1101
1779133393.5912738,677,7.461,14.899,11.9,1060.0,8,1101
1779133393.6620045,678,8.956,18.316,16.9,1060.0,8,1101
1779133393.718635,679,7.089,21.279,17.4,1060.0,8,1101
1779133393.7814193,680,13.854,21.419,15.9,1060.0,8,1101
1779133393.8353786,681,5.893,14.945,20.0,1060.0,14,1101
1779133393.8863316,682,7.101,13.472,15.9,1060.0,14,1101
1779133393.937414,683,7.253,15.716,6.1,1060.0,14,1101
1779133393.9917872,684,7.559,14.991,32.5,1060.0,14,1101
1779133394.0530293,685,7.787,16.487,16.1,1060.0,14,1101
1779133394.1148002,686,7.322,15.147,16.9,1060.0,14,1101
1779133394.1742702,687,7.024,16.366,15.6,1060.0,14,1101
1779133394.2289932,688,8.851,17.499,15.4,1060.0,14,1101
1779133394.2788515,689,7.056,15.438,8.3,1060.0,14,1101
1779133394.3369884,690,6.188,14.254,19.6,1060.0,14,1101
1779133394.4057865,691,8.226,15.684,11.7,1060.0,14,1101
1779133394.4564548,692,6.013,14.557,20.8,1060.0,14,1101
1779133394.5081465,693,6.457,12.245,20.9,1060.0,14,1101
1779133394.5636394,694,6.450,16.909,14.6,1060.0,14,1101
1779133394.6207807,695,9.706,20.435,30.8,1060.0,14,1101
1779133394.6758673,696,6.848,15.199,10.3,1060.0,14,1101
1779133394.7306328,697,8.956,17.680,28.1,1060.0,14,1101
1779133394.7855833,698,6.599,15.864,15.6,1060.0,14,1101
1779133394.8473294,699,6.202,18.209,14.9,1060.0,11,1101
1779133394.9148877,700,5.757,14.770,27.9,1060.0,11,1101
1779133394.9971404,701,11.830,23.162,12.8,1060.0,11,1101
1779133395.0613532,702,14.019,22.822,9.0,1060.0,11,1101
1779133395.1341493,703,5.139,18.447,30.9,1060.0,11,1101
1779133395.189299,704,8.406,17.749,5.1,1060.0,11,1101
1779133395.2460234,705,6.707,15.115,14.5,1060.0,11,1101
1779133395.306733,706,6.939,14.243,15.0,1060.0,11,1101
1779133395.3859346,707,12.874,22.867,35.4,1060.0,10,1101
1779133395.44058,708,7.910,15.242,30.0,1060.0,10,1101
1779133395.5117528,709,7.269,15.711,30.0,1060.0,10,1101
1779133395.567004,710,9.026,19.187,22.5,1060.0,10,1101
1779133395.6435392,711,7.748,19.629,6.4,1060.0,10,1101
1779133395.711565,712,11.311,21.922,15.9,1060.0,10,1101
1779133395.7741556,713,10.977,21.807,13.0,1060.0,10,1101
1779133395.8361068,714,8.747,17.357,14.8,1060.0,16,1101
1779133395.8886225,715,7.200,16.893,17.7,1060.0,16,1101
1779133395.9506345,716,7.530,15.043,19.6,1060.0,16,1101
1779133396.0111835,717,7.512,15.345,20.0,1060.0,16,1101
1779133396.0795844,718,9.767,18.362,11.1,1060.0,16,1101
1779133396.1443222,719,7.992,18.737,17.8,1060.0,16,1101
1779133396.2069235,720,6.504,15.046,21.9,1060.0,16,1101
1779133396.2719023,721,8.606,19.418,4.5,1060.0,16,1101
1779133396.3576295,722,8.182,14.650,22.1,1060.0,13,1101
1779133396.414324,723,9.115,18.214,19.6,1060.0,13,1101
1779133396.4640567,724,6.401,12.278,13.0,1060.0,13,1101
1779133396.5265348,725,7.885,16.299,12.7,1060.0,13,1101
1779133396.5800514,726,9.478,17.898,18.5,1060.0,13,1101
1779133396.660663,727,7.984,15.367,26.0,1060.0,13,1101
1779133396.7255979,728,7.615,19.333,18.1,1060.0,13,1101
1779133396.7869422,729,7.460,15.050,16.9,1060.0,13,1101
1779133396.8457274,730,7.368,14.173,19.4,1060.0,13,1101
1779133396.9073558,731,6.852,14.314,24.2,1060.0,13,1101
1779133396.969584,732,7.280,14.993,15.0,1060.0,13,1101
1779133397.028223,733,7.586,18.868,19.4,1060.0,13,1101
1779133397.0825076,734,6.850,15.522,9.3,1060.0,13,1101
1779133397.1427813,735,7.071,14.656,23.3,1060.0,13,1101
1779133397.203747,736,7.691,16.107,45.7,1060.0,13,1101
1779133397.278727,737,8.238,15.905,14.5,1060.0,13,1101
1779133397.3442013,738,8.780,20.157,24.1,1060.0,14,1101
1779133397.4050229,739,5.911,14.468,23.8,1060.0,14,1101
1779133397.4907007,740,6.429,14.340,3.7,1060.0,14,1101
1779133397.5485332,741,7.206,16.795,15.3,1060.0,14,1101
1779133397.6102002,742,7.894,16.328,21.4,1060.0,14,1101
1779133397.6640303,743,7.405,15.084,17.2,1060.0,14,1101
1779133397.7243392,744,6.922,18.421,14.8,1060.0,14,1101
1779133397.787658,745,7.502,15.877,17.7,1060.0,14,1101
1779133397.847735,746,7.990,20.722,8.2,1060.0,12,1101
1779133397.9162161,747,6.652,16.440,22.4,1060.0,12,1101
1779133397.9931307,748,9.106,18.510,7.4,1060.0,12,1101
1779133398.0466156,749,7.167,17.170,17.9,1060.0,12,1101
1779133398.1022732,750,7.498,17.156,18.8,1060.0,12,1101
1779133398.1698196,751,6.501,20.418,7.3,1060.0,12,1101
1779133398.2299156,752,8.462,19.028,16.7,1060.0,12,1101
1779133398.3039415,753,7.777,16.491,6.9,1060.0,12,1101
1779133398.3551598,754,6.606,16.018,14.5,1060.0,9,1101
1779133398.417647,755,6.964,14.451,21.6,1060.0,9,1101
1779133398.4798505,756,9.316,19.543,16.9,1060.0,9,1101
1779133398.5431268,757,10.857,20.952,10.1,1060.0,9,1101
1779133398.6105392,758,6.958,20.648,19.6,1060.0,9,1101
1779133398.6590593,759,6.925,15.681,21.4,1060.0,9,1101
1779133398.7253962,760,10.081,19.355,20.4,1060.0,9,1101
1779133398.794475,761,7.868,17.302,21.9,1060.0,9,1101
1779133398.8453472,762,6.695,14.603,20.5,1060.0,10,1101
1779133398.9026072,763,8.076,16.701,33.3,1060.0,10,1101
1779133398.954748,764,6.557,15.766,14.0,1060.0,10,1101
1779133399.0227568,765,7.918,16.542,31.0,1060.0,10,1101
1779133399.0777178,766,5.635,15.009,13.1,1060.0,10,1101
1779133399.1372385,767,7.002,16.835,13.8,1060.0,10,1101
1779133399.1991317,768,7.212,16.032,25.8,1060.0,10,1101
1779133399.2553425,769,8.294,16.464,10.6,1060.0,10,1101
1779133399.3284168,770,7.852,17.401,26.7,1060.0,10,1101
1779133399.398756,771,8.324,17.742,26.0,1060.0,14,1101
1779133399.461874,772,7.917,17.673,7.1,1060.0,14,1101
1779133399.5325851,773,11.601,21.753,21.2,1060.0,14,1101
1779133399.5848932,774,7.646,18.365,20.3,1060.0,14,1101
1779133399.6474001,775,9.867,18.189,22.9,1060.0,14,1101
1779133399.7143295,776,8.272,22.338,15.1,1060.0,14,1101
1779133399.787767,777,7.142,17.577,13.3,1060.0,14,1101
1779133399.8412004,778,7.484,16.331,5.3,1060.0,14,1101
1779133399.8939729,779,6.716,17.164,20.8,1060.0,14,1101
1779133399.9551575,780,8.937,16.009,12.7,1060.0,14,1101
1779133400.0166578,781,10.376,17.944,15.6,1060.0,14,1101
1779133400.0708406,782,8.061,15.319,27.3,1060.0,14,1101
1779133400.1504376,783,7.683,17.589,7.0,1060.0,14,1101
1779133400.2150605,784,8.851,16.846,14.6,1060.0,14,1101
1779133400.276586,785,7.766,16.261,6.3,1060.0,14,1101
1779133400.3313677,786,7.764,16.530,40.6,1060.0,14,1101
1779133400.3915253,787,6.901,15.187,24.6,1060.0,14,1101
1779133400.4598606,788,6.222,17.446,19.4,1060.0,14,1101
1779133400.5253596,789,8.172,19.124,15.5,1060.0,14,1101
1779133400.5784,790,6.509,13.905,14.3,1060.0,14,1101
1779133400.6333106,791,7.222,14.524,15.1,1060.0,14,1101
1779133400.695726,792,7.961,16.377,10.5,1060.0,14,1101
1779133400.7781663,793,8.160,19.411,7.9,1060.0,14,1101
1779133400.8473105,794,7.442,16.462,28.6,1060.0,13,1101
1779133400.907629,795,7.218,20.629,9.9,1060.0,13,1100
1779133400.9851108,796,7.848,20.242,26.1,1060.0,13,1100
1779133401.0441515,797,9.095,17.747,39.0,1060.0,13,1101
1779133401.0993457,798,8.069,16.501,13.2,1060.0,13,1101
1779133401.1828897,799,7.937,17.281,12.7,1060.0,13,1101
1779133401.2449522,800,9.793,21.621,17.6,1060.0,13,1101
1779133401.3063352,801,6.302,15.301,10.9,1060.0,13,1101
1779133401.3608174,802,5.965,15.596,27.7,1060.0,8,1101
1779133401.4166603,803,6.974,16.420,27.4,1060.0,8,1101
1779133401.4907134,804,7.290,21.342,16.1,1060.0,8,1101
1779133401.5484495,805,7.273,18.817,6.9,1060.0,8,1101
1779133401.6031756,806,6.824,14.129,19.2,1060.0,8,1101
1779133401.6670284,807,6.554,15.165,14.3,1060.0,8,1101
1779133401.7326715,808,10.758,21.130,13.4,1060.0,8,1101
1779133401.7988746,809,6.709,18.107,25.9,1060.0,8,1101
1779133401.8515556,810,7.460,16.606,13.7,1060.0,10,1101
1779133401.9045603,811,5.572,15.802,12.5,1060.0,10,1101
1779133401.9541116,812,7.283,15.716,30.2,1060.0,10,1101
1779133402.0224257,813,6.206,16.536,22.2,1060.0,10,1101
1779133402.075146,814,7.130,14.637,16.4,1060.0,10,1101
1779133402.136666,815,9.255,19.912,14.1,1060.0,10,1101
1779133402.1957946,816,8.507,16.975,10.9,1060.0,10,1101
1779133402.2518477,817,7.088,15.519,15.3,1060.0,10,1101
1779133402.317573,818,9.129,18.336,13.2,1060.0,10,1101
1779133402.3730035,819,8.102,18.836,18.8,1060.0,13,1101
1779133402.4389396,820,7.061,15.372,17.0,1060.0,13,1101
1779133402.4957027,821,7.701,15.356,21.4,1060.0,13,1101
1779133402.5481892,822,7.463,16.926,8.1,1060.0,13,1101
1779133402.6242464,823,7.750,16.157,24.5,1060.0,13,1101
1779133402.6814084,824,8.049,17.777,20.9,1060.0,13,1101
1779133402.737931,825,7.004,14.541,5.2,1060.0,13,1101
1779133402.7927797,826,8.452,16.255,26.7,1060.0,13,1101
1779133402.8509943,827,6.399,14.737,10.0,1060.0,11,1101
1779133402.9040728,828,6.420,14.815,11.5,1060.0,11,1101
1779133402.9606621,829,9.701,18.233,27.7,1060.0,11,1101
1779133403.0151525,830,7.599,16.018,9.1,1060.0,11,1101
1779133403.0736248,831,6.118,14.472,23.6,1060.0,11,1101
1779133403.1381917,832,6.560,14.294,11.5,1060.0,11,1101
1779133403.196859,833,10.536,16.710,25.8,1060.0,11,1101
1779133403.2634842,834,11.039,20.197,17.3,1060.0,11,1101
1779133403.3195062,835,6.781,14.093,6.7,1060.0,11,1101
1779133403.3787913,836,11.189,20.225,20.0,1060.0,12,1101
1779133403.4477296,837,8.054,15.720,18.3,1060.0,12,1101
1779133403.500718,838,6.846,18.277,9.2,1060.0,12,1101
1779133403.5607653,839,5.996,14.921,26.2,1060.0,12,1101
1779133403.620133,840,7.808,16.280,17.5,1060.0,12,1101
1779133403.6765642,841,11.877,20.255,16.2,1060.0,12,1101
1779133403.732114,842,6.647,14.050,12.8,1060.0,12,1101
1779133403.805227,843,7.903,17.634,16.4,1060.0,12,1101
1779133403.86527,844,8.298,19.691,7.5,1060.0,8,1101
1779133403.9178257,845,5.585,13.920,12.7,1060.0,8,1101
1779133403.985226,846,6.803,15.106,14.1,1060.0,8,1101
1779133404.0450723,847,6.196,16.383,65.0,1060.0,8,1101
1779133404.1003277,848,5.893,16.508,31.4,1060.0,8,1101
1779133404.1683736,849,9.556,17.745,10.9,1060.0,8,1101
1779133404.228336,850,7.538,16.310,12.7,1060.0,8,1101
1779133404.2877824,851,7.399,13.990,15.9,1060.0,8,1101
1779133404.343031,852,7.406,14.752,7.9,1060.0,13,1101
1779133404.4054585,853,6.354,23.748,16.2,1060.0,13,1101
1779133404.4774907,854,5.617,14.008,30.6,1060.0,13,1101
1779133404.5296636,855,7.606,17.844,10.0,1060.0,13,1101
1779133404.581349,856,6.639,14.981,28.0,1060.0,13,1101
1779133404.6325119,857,7.961,16.512,18.6,1060.0,13,1101
1779133404.6832578,858,7.099,15.430,17.0,1060.0,13,1101
1779133404.7440603,859,5.865,14.309,11.4,1060.0,13,1101
1779133404.796269,860,8.785,17.395,14.1,1060.0,13,1101
1779133404.8509147,861,6.376,15.698,27.3,1060.0,8,1101
1779133404.90099,862,6.953,14.190,9.1,1060.0,8,1101
1779133404.9599116,863,6.088,14.312,17.6,1060.0,8,1101
1779133405.0308118,864,8.360,16.575,24.6,1060.0,8,1101
1779133405.0950053,865,8.556,17.556,20.3,1060.0,8,1101
1779133405.1479912,866,6.155,14.599,19.4,1060.0,8,1101
1779133405.2119884,867,7.232,15.589,9.3,1060.0,8,1101
1779133405.270005,868,8.004,18.270,7.4,1060.0,8,1101
1779133405.3239055,869,8.028,15.182,17.3,1060.0,8,1101
1779133405.4013157,870,8.694,16.007,23.8,1060.0,14,1101
1779133405.4659514,871,10.105,19.672,15.9,1060.0,14,1101
1779133405.5313706,872,8.459,17.288,16.7,1060.0,14,1101
1779133405.585336,873,7.366,17.424,25.4,1060.0,14,1101
1779133405.6394198,874,6.542,17.114,6.0,1060.0,14,1101
1779133405.70917,875,6.247,16.365,19.4,1060.0,14,1101
1779133405.772882,876,7.089,18.240,5.4,1060.0,14,1101
1779133405.8278127,877,6.474,15.559,6.8,1060.0,14,1101
1779133405.8818064,878,6.621,14.374,23.5,1060.0,14,1101
1779133405.9362843,879,7.477,15.998,14.1,1060.0,14,1101
1779133406.0104513,880,7.543,15.137,22.6,1060.0,14,1101
1779133406.0697453,881,7.333,17.321,19.5,1060.0,14,1101
1779133406.1382825,882,8.300,17.812,9.7,1060.0,14,1101
1779133406.2188325,883,12.626,21.887,14.5,1060.0,14,1101
1779133406.2761981,884,8.202,18.647,23.5,1060.0,14,1101
1779133406.338034,885,7.175,15.589,12.0,1060.0,14,1101
1779133406.402134,886,9.021,18.709,10.8,1060.0,15,1101
1779133406.451041,887,6.807,14.600,14.9,1060.0,15,1101
1779133406.5011008,888,6.647,14.936,17.4,1060.0,15,1101
1779133406.5566282,889,6.952,13.464,21.8,1060.0,15,1101
1779133406.6294281,890,7.014,18.511,19.0,1060.0,15,1101
1779133406.6953282,891,7.565,18.200,15.6,1060.0,15,1101
1779133406.783224,892,9.603,20.736,23.6,1060.0,15,1101
1779133406.8514647,893,7.941,16.528,31.9,1060.0,11,1101
1779133406.9009657,894,6.771,14.328,14.1,1060.0,11,1101
1779133406.9603384,895,6.002,14.786,15.1,1060.0,11,1101
1779133407.016298,896,9.225,17.981,8.2,1060.0,11,1101
1779133407.0768425,897,8.600,25.885,17.9,1060.0,11,1101
1779133407.143788,898,8.110,17.711,24.1,1060.0,11,1101
1779133407.1979558,899,6.680,16.572,13.6,1060.0,11,1101
1779133407.259869,900,7.540,15.553,9.1,1060.0,11,1101
1779133407.3170266,901,7.658,19.484,19.4,1060.0,11,1101
1779133407.3723245,902,7.681,17.340,21.3,1060.0,12,1101
1779133407.432197,903,7.571,20.305,15.5,1060.0,12,1101
1779133407.4873474,904,7.181,13.543,16.4,1059.9,12,1101
1779133407.5570319,905,6.756,14.091,24.5,1059.9,12,1101
1779133407.6081216,906,7.238,16.427,17.1,1059.9,12,1101
1779133407.6691997,907,8.602,16.997,24.1,1059.9,12,1101
1779133407.731069,908,11.179,19.990,16.2,1059.9,12,1101
1779133407.7916272,909,9.165,17.969,12.3,1059.9,12,1101
1779133407.8711703,910,8.281,16.656,13.1,1059.9,13,1101
1779133407.9303038,911,7.814,17.941,8.9,1059.9,13,1101
1779133407.9778137,912,6.346,14.697,8.5,1059.9,13,1101
1779133408.0334783,913,8.295,16.618,15.1,1059.9,13,1101
1779133408.0870898,914,5.584,15.364,27.9,1059.9,13,1101
1779133408.1424305,915,7.242,15.584,15.4,1059.9,13,1101
1779133408.2028806,916,8.309,18.008,17.5,1059.9,13,1101
1779133408.277439,917,7.407,15.103,18.8,1059.9,13,1101
