timestamp,frame_idx,infer_ms,total_ms,cpu_percent,mem_rss_mb,gpu_util,gpu_mem_mb,batch_size
1779134300.2991364,0,5.499,6.741,22.9,1062.6,8,1386,1
1779134300.3300028,1,6.752,8.769,14.0,1062.8,8,1386,1
1779134300.3431332,2,5.467,6.592,27.3,1062.8,8,1386,1
1779134300.3783588,3,6.820,9.099,10.7,1062.8,8,1386,1
1779134300.4280324,4,6.141,8.261,20.4,1062.8,8,1386,1
1779134300.444607,5,7.466,9.033,22.7,1062.8,8,1386,1
1779134300.4703856,6,5.193,6.561,35.0,1062.8,8,1386,1
1779134300.5225375,7,7.215,9.619,18.0,1062.8,8,1386,1
1779134300.5374272,8,5.943,7.476,23.8,1062.8,8,1386,1
1779134300.5699117,9,6.585,8.568,3.1,1062.8,8,1386,1
1779134300.6220522,10,6.965,9.875,11.5,1062.8,8,1386,1
1779134300.637744,11,7.292,9.018,0.0,1062.8,8,1386,1
1779134300.6855311,12,7.498,10.528,4.4,1062.8,8,1386,1
1779134300.7354605,13,8.716,13.074,17.3,1062.8,8,1386,1
1779134300.7492943,14,5.139,6.363,12.5,1062.8,8,1386,1
1779134300.7775035,15,7.364,9.155,11.5,1062.8,8,1386,1
1779134300.820651,16,4.535,5.747,8.1,1062.8,8,1386,1
1779134300.831771,17,4.579,5.957,20.0,1062.8,8,1386,1
1779134300.8747983,18,6.564,8.466,22.2,1062.8,8,1386,1
1779134300.9251053,19,6.745,9.582,12.2,1062.8,9,1381,1
1779134300.9460504,20,10.143,13.360,33.3,1062.8,9,1381,1
1779134300.9911861,21,9.864,12.345,16.7,1062.8,9,1381,1
1779134301.006169,22,6.463,8.297,7.1,1062.8,9,1381,1
1779134301.03528,23,7.238,10.228,15.6,1062.8,9,1381,1
1779134301.0825677,24,5.958,8.291,6.1,1062.8,9,1381,1
1779134301.1336565,25,7.930,11.957,25.6,1062.8,9,1381,1
1779134301.1500883,26,7.311,9.873,0.0,1062.8,9,1381,1
1779134301.180955,27,7.886,10.943,23.5,1062.8,9,1381,1
1779134301.2293248,28,8.246,10.958,8.7,1062.8,9,1381,1
1779134301.2411313,29,5.560,7.186,0.0,1062.8,9,1381,1
1779134301.277281,30,6.728,9.963,0.0,1062.8,9,1381,1
1779134301.2962608,31,9.270,11.116,17.1,1062.8,9,1381,1
1779134301.337828,32,6.587,8.032,16.7,1062.8,9,1381,1
1779134301.38546,33,6.086,8.338,0.0,1062.8,10,1371,1
1779134301.4347985,34,5.673,8.138,11.5,1062.8,10,1371,1
1779134301.4495592,35,5.649,7.130,0.0,1062.8,10,1371,1
1779134301.477927,36,3.831,5.011,13.9,1062.8,10,1371,1
1779134301.5335343,37,6.464,9.155,15.0,1062.8,10,1371,1
1779134301.5452237,38,4.698,6.191,0.0,1062.8,10,1371,1
1779134301.5781045,39,5.787,7.477,16.7,1062.8,10,1371,1
1779134301.6317966,40,9.208,12.612,12.5,1062.8,10,1371,1
1779134301.647212,41,6.292,7.928,13.2,1062.8,10,1371,1
1779134301.691535,42,7.191,9.429,20.6,1062.8,10,1371,1
1779134301.7075145,43,5.885,7.480,12.0,1062.8,10,1371,1
1779134301.7384229,44,6.216,8.221,13.8,1062.8,10,1371,1
1779134301.785156,45,5.204,6.834,17.4,1062.8,10,1371,1
1779134301.8005416,46,6.073,7.691,26.3,1062.8,10,1371,1
1779134301.8349917,47,6.608,8.678,24.2,1062.8,10,1371,1
1779134301.885885,48,7.983,11.230,12.7,1062.8,9,1371,1
1779134301.9324217,49,8.386,11.450,11.1,1062.8,9,1371,1
1779134301.9493504,50,6.635,9.413,11.1,1062.8,9,1371,1
1779134301.997117,51,6.389,8.172,8.2,1062.8,9,1371,1
1779134302.0132277,52,6.506,7.585,7.1,1062.8,9,1371,1
1779134302.0397375,53,5.922,7.621,3.1,1062.8,9,1371,1
1779134302.0947704,54,8.463,11.632,15.4,1062.8,9,1371,1
1779134302.112298,55,7.021,9.025,42.9,1062.8,9,1371,1
1779134302.1358476,56,4.833,5.997,4.0,1062.8,9,1371,1
1779134302.1912842,57,9.175,12.229,16.9,1062.8,9,1371,1
1779134302.2066815,58,5.811,7.701,30.8,1062.8,9,1371,1
1779134302.2346141,59,5.861,7.902,31.2,1062.8,9,1371,1
1779134302.2862833,60,8.180,11.219,19.6,1062.8,9,1369,1
1779134302.3056557,61,10.722,12.642,19.4,1062.8,9,1369,1
1779134302.34475,62,7.225,8.900,11.1,1062.8,9,1369,1
1779134302.3973384,63,7.475,9.959,16.0,1062.8,9,1369,1
1779134302.4115827,64,6.575,7.922,5.3,1062.8,9,1369,1
1779134302.4460247,65,7.342,9.596,17.9,1062.8,9,1369,1
1779134302.4938629,66,7.664,10.415,11.5,1062.8,9,1369,1
1779134302.5080047,67,5.868,7.671,7.7,1062.8,9,1369,1
1779134302.5419848,68,8.848,11.681,15.2,1062.8,9,1369,1
1779134302.591441,69,9.329,12.409,7.0,1062.8,9,1369,1
1779134302.6027086,70,4.485,5.739,6.7,1062.8,9,1369,1
1779134302.6568806,71,9.446,12.990,10.5,1062.8,9,1369,1
1779134302.7002506,72,6.890,9.534,13.9,1062.8,9,1369,1
1779134302.7127712,73,5.396,6.973,7.7,1062.8,9,1369,1
1779134302.745181,74,6.624,8.706,0.0,1062.8,9,1369,1
1779134302.7977083,75,7.703,10.421,22.8,1062.8,9,1369,1
1779134302.8129654,76,6.375,7.753,20.0,1062.8,9,1369,1
1779134302.8445675,77,7.836,10.356,13.3,1062.8,9,1369,1
1779134302.8963556,78,7.089,10.659,20.0,1062.8,9,1369,1
1779134302.9093778,79,3.892,5.205,16.7,1062.8,9,1369,1
1779134302.9387197,80,6.191,8.247,9.1,1062.8,9,1369,1
1779134302.9553971,81,6.906,9.117,25.0,1062.8,9,1369,1
1779134302.9978411,82,5.809,7.034,13.3,1062.8,9,1367,1
1779134303.0494187,83,6.921,8.962,17.6,1062.8,9,1367,1
1779134303.1041074,84,8.032,10.507,11.1,1062.8,9,1367,1
1779134303.1154501,85,3.726,4.871,6.7,1062.8,9,1367,1
1779134303.1454735,86,7.644,9.258,15.4,1062.8,9,1367,1
1779134303.1985505,87,7.798,11.842,28.6,1062.8,9,1367,1
1779134303.2113442,88,3.928,5.342,19.0,1062.8,9,1367,1
1779134303.2451808,89,9.341,11.934,13.8,1062.8,9,1367,1
1779134303.2947273,90,7.192,9.843,11.4,1062.8,9,1367,1
1779134303.3111727,91,7.983,9.497,5.6,1062.8,9,1367,1
1779134303.3538866,92,6.764,8.819,7.0,1062.8,9,1367,1
1779134303.367703,93,6.307,8.151,6.1,1062.8,9,1367,1
1779134303.403712,94,7.989,10.198,10.0,1062.8,9,1367,1
1779134303.4544632,95,7.696,11.727,11.1,1062.8,9,1367,1
1779134303.4984143,96,6.712,9.174,13.6,1062.8,9,1367,1
1779134303.5134933,97,6.927,9.385,16.7,1062.8,9,1367,1
1779134303.5501356,98,6.415,9.377,25.0,1062.8,9,1367,1
1779134303.5960112,99,7.054,9.369,17.4,1062.8,9,1367,1
1779134303.609784,100,5.908,7.307,26.3,1062.8,9,1367,1
1779134303.6595006,101,7.154,9.589,12.3,1062.8,9,1367,1
1779134303.6751928,102,6.229,7.902,55.6,1062.8,9,1367,1
1779134303.7160778,103,12.366,17.057,37.1,1062.8,9,1367,1
1779134303.755911,104,7.212,9.305,25.5,1062.8,9,1366,1
1779134303.7723114,105,6.878,8.458,28.6,1062.8,9,1366,1
1779134303.8046823,106,7.351,10.397,20.6,1062.8,9,1366,1
1779134303.8508253,107,6.855,8.830,12.8,1062.8,9,1366,1
1779134303.8995147,108,7.370,9.540,12.2,1062.8,9,1366,1
1779134303.9151561,109,6.378,8.104,100.0,1062.8,9,1366,1
1779134303.9435897,110,5.487,7.010,23.1,1062.8,9,1366,1
1779134303.958932,111,6.136,7.757,20.0,1062.8,9,1366,1
1779134304.0110075,112,6.809,8.627,9.6,1062.8,9,1365,1
1779134304.0609944,113,7.352,11.433,4.6,1062.8,9,1365,1
1779134304.0767834,114,6.384,7.757,100.0,1062.8,9,1365,1
1779134304.106077,115,6.568,8.699,4.9,1062.8,9,1365,1
1779134304.1528883,116,7.307,8.793,7.1,1062.8,9,1365,1
1779134304.170677,117,9.297,10.489,20.0,1062.8,9,1365,1
1779134304.2010503,118,4.821,6.353,51.9,1062.8,9,1365,1
1779134304.2532218,119,7.090,10.495,18.5,1062.8,9,1365,1
1779134304.3132014,120,5.629,7.647,12.5,1062.8,9,1365,1
1779134304.3358295,121,9.797,13.183,8.3,1062.8,9,1365,1
1779134304.361032,122,6.094,7.238,52.9,1062.8,9,1365,1
1779134304.3744855,123,4.920,6.104,28.6,1062.8,9,1365,1
1779134304.4106283,124,6.201,8.095,18.4,1062.8,6,1365,1
1779134304.4602046,125,6.726,9.608,4.9,1062.8,6,1365,1
1779134304.4769127,126,7.245,10.294,27.8,1062.8,6,1365,1
1779134304.5049067,127,5.899,7.980,18.5,1062.8,6,1365,1
1779134304.55456,128,7.815,10.185,7.4,1062.8,6,1365,1
1779134304.5695112,129,6.783,8.470,45.5,1062.8,6,1365,1
1779134304.605179,130,7.108,9.883,8.1,1062.8,6,1365,1
1779134304.667402,131,8.031,9.827,10.7,1062.8,6,1365,1
1779134304.6835225,132,6.987,8.711,0.0,1062.8,6,1365,1
1779134304.714506,133,6.548,8.728,12.5,1062.8,6,1365,1
1779134304.7658246,134,8.227,10.808,16.1,1062.8,6,1365,1
1779134304.7809641,135,6.875,8.585,14.3,1062.8,6,1365,1
1779134304.810733,136,6.202,9.197,10.7,1062.8,6,1365,1
1779134304.856682,137,4.821,6.198,19.5,1062.8,6,1365,1
1779134304.8702312,138,5.855,7.124,0.0,1062.8,6,1365,1
1779134304.9096339,139,7.344,10.907,30.0,1062.8,9,1365,1
1779134304.9590693,140,8.544,11.788,15.1,1062.8,9,1365,1
1779134304.9735618,141,5.455,7.005,8.3,1062.8,9,1365,1
1779134305.021877,142,8.398,11.186,17.3,1062.8,9,1365,1
1779134305.0672467,143,5.399,7.267,17.1,1062.8,9,1365,1
1779134305.08152,144,5.346,6.822,45.5,1062.8,9,1365,1
1779134305.1183126,145,9.171,11.331,7.9,1062.8,9,1365,1
1779134305.1588807,146,7.553,8.757,10.8,1062.8,9,1365,1
1779134305.170375,147,5.437,6.671,0.0,1062.8,9,1365,1
1779134305.2099295,148,6.066,8.720,35.0,1062.8,9,1365,1
1779134305.2638443,149,9.344,12.322,13.0,1062.8,9,1365,1
1779134305.2789845,150,5.337,6.980,27.3,1062.8,9,1365,1
1779134305.322434,151,6.633,8.379,12.8,1062.8,9,1365,1
1779134305.3383296,152,6.093,8.123,0.0,1062.8,9,1365,1
1779134305.3682673,153,6.042,7.418,15.6,1062.8,9,1365,1
1779134305.4219098,154,8.156,11.271,13.0,1062.8,9,1365,1
1779134305.4653523,155,5.045,6.741,0.0,1062.8,9,1365,1
1779134305.4821465,156,7.471,9.266,23.1,1062.8,9,1365,1
1779134305.5163455,157,7.283,9.686,11.9,1062.8,9,1365,1
1779134305.5605385,158,5.025,6.326,17.1,1062.8,9,1365,1
1779134305.5729284,159,5.767,6.900,7.1,1062.8,9,1365,1
1779134305.611592,160,7.524,10.286,17.1,1062.8,9,1365,1
1779134305.6280608,161,6.279,8.815,17.6,1062.8,9,1365,1
1779134305.673893,162,6.152,8.254,14.9,1062.8,9,1365,1
1779134305.7255073,163,7.854,9.657,9.3,1062.8,9,1365,1
1779134305.7379994,164,4.487,5.949,14.3,1062.8,9,1365,1
1779134305.772311,165,6.982,9.353,14.3,1062.8,9,1365,1
1779134305.8210537,166,7.617,9.929,19.1,1062.8,9,1365,1
1779134305.8673847,167,7.745,9.757,12.5,1062.8,9,1365,1
1779134305.8824825,168,6.595,8.635,20.0,1062.8,9,1365,1
1779134305.9157145,169,7.452,9.766,9.7,1062.8,9,1365,1
1779134305.9792228,170,6.271,8.342,23.9,1062.8,9,1365,1
1779134305.9923298,171,4.485,5.618,66.7,1062.8,9,1365,1
1779134306.0287745,172,7.655,10.181,15.2,1062.8,9,1365,1
1779134306.0416343,173,6.899,8.291,0.0,1062.8,9,1365,1
1779134306.0740519,174,6.688,8.704,12.9,1062.8,9,1365,1
1779134306.1265585,175,7.825,11.650,12.0,1062.8,9,1365,1
1779134306.14208,176,5.793,7.990,4.6,1062.8,9,1365,1
1779134306.1692245,177,6.853,8.419,0.0,1062.8,9,1365,1
1779134306.2206917,178,6.449,8.916,18.2,1062.8,9,1365,1
1779134306.2683496,179,7.810,10.046,17.0,1062.8,9,1365,1
1779134306.2837641,180,5.345,6.872,35.3,1062.8,9,1365,1
1779134306.3318994,181,7.139,9.401,13.3,1062.8,9,1365,1
1779134306.3446884,182,6.156,7.442,33.3,1062.8,9,1365,1
1779134306.3730938,183,4.924,6.086,16.7,1062.8,9,1365,1
1779134306.425711,184,5.299,7.320,12.3,1062.8,11,1365,1
1779134306.4407818,185,5.360,6.544,33.3,1062.8,11,1375,1
1779134306.4718356,186,5.776,6.983,20.0,1062.8,11,1374,1
1779134306.5233197,187,7.326,9.290,16.0,1062.8,11,1374,1
1779134306.5380967,188,5.786,7.202,0.0,1062.8,11,1372,1
1779134306.5686882,189,5.950,7.558,22.6,1062.8,11,1372,1
1779134306.61977,190,4.956,6.260,9.6,1062.8,11,1372,1
1779134306.6340222,191,5.670,6.809,5.9,1062.8,11,1372,1
1779134306.6830907,192,7.336,9.965,10.7,1062.8,11,1372,1
1779134306.731839,193,6.694,9.811,10.9,1062.8,11,1372,1
1779134306.7474024,194,5.138,8.047,5.9,1062.8,11,1372,1
1779134306.778922,195,6.411,8.872,12.5,1062.8,11,1372,1
1779134306.8265,196,5.693,8.346,10.2,1062.8,11,1372,1
1779134306.8388493,197,5.464,6.843,25.0,1062.8,11,1372,1
1779134306.873612,198,5.529,7.208,23.5,1062.8,11,1372,1
1779134306.9226851,199,5.858,8.287,26.2,1062.8,9,1372,1
1779134306.9364681,200,5.584,7.107,41.7,1062.8,9,1372,1
1779134306.9866564,201,6.445,8.333,18.0,1062.8,9,1372,1
1779134307.0324562,202,6.064,7.508,15.4,1062.8,9,1372,1
1779134307.0457368,203,5.411,6.763,20.0,1062.8,9,1372,1
1779134307.0823028,204,5.671,7.178,15.0,1062.8,9,1372,1
1779134307.1269116,205,4.548,6.002,13.0,1062.8,9,1372,1
1779134307.1422157,206,6.828,8.565,41.2,1062.8,9,1372,1
1779134307.1791875,207,6.553,8.767,21.0,1062.8,9,1372,1
1779134307.2235818,208,4.907,6.642,11.4,1062.8,9,1372,1
1779134307.2351365,209,4.757,5.949,26.3,1062.8,9,1372,1
1779134307.2767682,210,6.446,8.799,5.4,1062.8,9,1372,1
1779134307.2916155,211,5.660,7.293,42.9,1062.8,9,1372,1
1779134307.3329356,212,5.101,6.332,14.5,1062.8,9,1372,1
1779134307.3846684,213,5.523,7.341,13.2,1062.8,9,1372,1
1779134307.4375923,214,9.526,12.052,9.8,1062.8,11,1372,1
1779134307.452813,215,6.169,7.729,0.0,1062.8,11,1372,1
1779134307.48293,216,6.223,8.819,16.0,1062.8,11,1372,1
1779134307.5300996,217,5.972,7.192,14.8,1062.8,11,1372,1
1779134307.544106,218,6.276,7.555,7.7,1062.8,11,1372,1
1779134307.5788612,219,7.051,9.576,45.5,1062.8,11,1372,1
1779134307.643463,220,7.312,9.918,6.0,1062.8,11,1372,1
1779134307.655495,221,5.825,7.425,15.4,1062.8,11,1372,1
1779134307.689644,222,6.374,8.192,18.2,1062.8,11,1372,1
1779134307.7061768,223,6.411,8.867,14.3,1062.8,11,1372,1
1779134307.738269,224,5.360,6.975,3.4,1062.8,11,1372,1
1779134307.790756,225,9.228,11.389,9.6,1062.8,11,1372,1
1779134307.835135,226,6.692,9.843,5.8,1062.8,11,1372,1
1779134307.848931,227,5.531,7.188,18.8,1062.8,11,1372,1
1779134307.8824143,228,7.020,10.090,15.6,1062.8,11,1372,1
1779134307.9311237,229,6.586,9.102,7.3,1062.8,9,1372,1
1779134307.9472632,230,6.832,8.591,0.0,1062.8,9,1372,1
1779134307.9953458,231,6.327,8.483,16.0,1062.8,9,1372,1
1779134308.011325,232,6.498,8.030,12.5,1062.8,9,1372,1
1779134308.0400524,233,4.534,5.678,3.1,1062.8,9,1372,1
1779134308.0964956,234,9.041,12.150,19.4,1062.8,9,1372,1
1779134308.1102283,235,4.567,5.758,20.0,1062.8,9,1372,1
1779134308.1377473,236,5.618,7.157,12.0,1062.8,9,1372,1
1779134308.1916435,237,10.817,13.507,15.3,1062.8,9,1372,1
1779134308.206026,238,3.994,5.235,20.0,1062.8,9,1372,1
1779134308.234197,239,6.786,8.078,32.4,1062.8,9,1372,1
1779134308.2858949,240,7.753,10.723,20.0,1062.8,9,1372,1
1779134308.3006353,241,6.419,8.139,40.0,1062.8,9,1372,1
1779134308.3468528,242,6.384,8.350,13.0,1062.8,9,1372,1
1779134308.3892891,243,4.412,5.519,28.3,1062.8,9,1372,1
1779134308.408444,244,9.038,10.156,30.6,1062.8,9,1372,1
1779134308.4421678,245,5.867,7.407,17.6,1062.8,9,1372,1
1779134308.4867816,246,4.530,5.633,40.9,1062.8,9,1372,1
1779134308.5000632,247,4.701,5.840,30.0,1062.8,9,1372,1
1779134308.5353816,248,5.165,6.319,8.1,1062.8,9,1372,1
1779134308.5818741,249,4.545,5.908,26.7,1062.8,9,1372,1
1779134308.5988429,250,7.178,8.453,33.3,1062.8,9,1372,1
1779134308.6489654,251,5.792,7.050,7.1,1062.8,9,1372,1
1779134308.695923,252,5.887,7.084,21.3,1062.8,9,1372,1
1779134308.7094088,253,4.167,5.363,14.3,1062.8,9,1372,1
1779134308.7446125,254,7.046,8.319,19.4,1062.8,9,1372,1
1779134308.788284,255,4.152,5.190,19.5,1062.8,9,1372,1
1779134308.801047,256,5.651,7.118,33.3,1062.8,9,1372,1
1779134308.8380136,257,4.648,6.825,4.9,1062.8,9,1372,1
1779134308.8889997,258,4.920,6.423,26.9,1062.8,9,1372,1
1779134308.9006703,259,4.749,6.023,38.5,1062.8,9,1368,1
1779134308.9364579,260,5.258,6.432,16.7,1062.8,9,1364,1
1779134308.9486403,261,5.392,6.586,0.0,1062.8,9,1364,1
1779134309.0009847,262,5.949,7.380,22.2,1062.8,9,1364,1
1779134309.0478773,263,5.769,6.961,15.0,1062.8,9,1364,1
1779134309.0946047,264,4.494,5.579,22.4,1062.8,9,1364,1
1779134309.107112,265,5.955,7.110,0.0,1062.8,9,1364,1
1779134309.1445737,266,6.588,7.755,16.3,1062.8,9,1364,1
1779134309.1923966,267,7.222,8.503,21.4,1062.8,9,1364,1
1779134309.2045813,268,5.326,6.595,62.5,1062.8,9,1364,1
1779134309.2397516,269,5.782,6.933,10.5,1062.8,9,1364,1
1779134309.2878788,270,5.683,6.768,20.8,1062.8,9,1364,1
1779134309.3040123,271,6.052,7.598,8.3,1062.8,9,1364,1
1779134309.359647,272,6.338,8.408,34.6,1062.8,9,1364,1
1779134309.3765023,273,5.779,7.790,84.6,1062.8,9,1364,1
1779134309.3998718,274,4.419,5.835,31.6,1062.8,8,1364,1
1779134309.4466846,275,4.707,5.908,30.6,1062.8,8,1364,1
1779134309.493729,276,6.013,7.202,18.0,1062.8,8,1364,1
1779134309.506081,277,5.763,6.872,10.0,1062.8,8,1364,1
1779134309.54326,278,4.132,5.284,9.4,1062.8,8,1364,1
1779134309.5893502,279,4.130,5.327,31.9,1062.8,8,1364,1
1779134309.6019678,280,6.047,7.748,20.0,1062.8,8,1364,1
1779134309.6543815,281,4.789,6.136,5.2,1062.8,8,1364,1
1779134309.6703017,282,6.324,7.476,27.3,1062.8,8,1364,1
1779134309.7067497,283,8.369,9.682,29.3,1062.8,8,1364,1
1779134309.7565453,284,8.703,9.951,27.7,1062.8,8,1364,1
1779134309.7735994,285,10.735,11.895,42.1,1062.8,8,1364,1
1779134309.8009634,286,5.722,6.897,20.0,1062.8,8,1364,1
1779134309.855017,287,11.714,13.010,18.5,1062.8,8,1364,1
1779134309.896659,288,6.190,7.351,22.9,1062.8,20,1364,1
1779134309.9128914,289,6.540,7.766,20.0,1062.8,20,1364,1
1779134309.9438014,290,4.601,5.776,7.1,1062.8,20,1364,1
1779134309.9551737,291,5.539,6.790,46.2,1062.8,20,1364,1
1779134310.0077775,292,4.673,5.835,15.2,1062.8,20,1369,1
1779134310.0571263,293,5.919,7.700,16.1,1062.8,20,1369,1
1779134310.0704312,294,6.929,8.426,36.4,1062.8,20,1369,1
1779134310.1040432,295,6.941,8.101,3.0,1062.8,20,1369,1
1779134310.1537364,296,8.330,9.476,14.3,1062.8,20,1369,1
1779134310.1682496,297,7.897,9.026,15.4,1062.8,20,1369,1
1779134310.2014353,298,6.449,7.675,27.3,1062.8,20,1369,1
1779134310.248472,299,7.226,8.347,16.7,1062.8,20,1369,1
1779134310.3145142,300,7.297,8.503,18.6,1062.8,20,1369,1
1779134310.3257906,301,4.365,5.649,0.0,1062.8,20,1369,1
1779134310.3597996,302,4.996,6.154,31.7,1062.8,20,1369,1
1779134310.3710568,303,4.321,5.488,0.0,1062.8,20,1369,1
1779134310.412302,304,9.212,10.375,22.5,1062.8,17,1369,1
1779134310.4556944,305,4.546,5.685,27.5,1062.8,17,1369,1
1779134310.4694488,306,6.456,7.615,47.1,1062.8,17,1369,1
1779134310.5034368,307,6.096,7.325,15.1,1062.8,17,1369,1
1779134310.5514653,308,5.960,7.380,24.4,1062.8,17,1369,1
1779134310.5626223,309,4.410,5.709,25.0,1062.8,17,1369,1
1779134310.6005924,310,4.370,5.869,13.9,1062.8,17,1369,1
1779134310.6646755,311,5.607,6.740,11.1,1062.8,17,1369,1
1779134310.6775117,312,3.913,5.446,7.1,1062.8,17,1369,1
1779134310.7095013,313,4.427,5.492,8.1,1062.8,17,1369,1
1779134310.7599366,314,5.977,7.138,15.6,1062.8,17,1369,1
1779134310.7749527,315,6.936,8.060,21.4,1062.8,17,1369,1
1779134310.8099253,316,6.465,7.804,5.7,1062.8,17,1369,1
1779134310.855941,317,6.006,7.178,20.0,1062.8,17,1369,1
1779134310.871734,318,6.101,7.311,6.7,1062.8,17,1369,1
1779134310.9031954,319,4.334,5.441,11.1,1062.8,11,1369,1
1779134310.952489,320,6.110,7.632,22.0,1062.8,11,1369,1
1779134310.9666727,321,5.499,6.567,0.0,1062.8,11,1369,1
1779134311.0146232,322,5.651,6.868,12.5,1062.8,11,1369,1
1779134311.0657682,323,6.050,7.185,32.2,1062.8,11,1377,1
1779134311.0790322,324,4.475,5.772,26.7,1062.8,11,1377,1
1779134311.109861,325,4.657,5.777,22.2,1062.8,11,1377,1
1779134311.1612685,326,6.042,7.258,27.5,1062.8,11,1377,1
1779134311.1767406,327,6.465,7.927,15.8,1062.8,11,1377,1
1779134311.2125385,328,7.092,9.696,30.8,1062.8,11,1377,1
1779134311.2549675,329,4.437,5.809,19.5,1062.8,11,1377,1
1779134311.2676585,330,5.573,6.962,31.2,1062.8,11,1377,1
1779134311.3177228,331,4.358,5.500,14.3,1062.8,11,1377,1
1779134311.3302712,332,5.536,6.767,42.9,1062.8,11,1377,1
1779134311.3652403,333,4.937,6.116,12.5,1062.8,11,1377,1
1779134311.415681,334,5.396,6.614,20.7,1062.8,8,1377,1
1779134311.4674332,335,7.803,10.146,10.1,1062.8,8,1375,1
1779134311.4833863,336,7.943,9.701,44.4,1062.8,8,1375,1
1779134311.5150716,337,7.478,8.942,27.3,1062.8,8,1375,1
1779134311.5624585,338,7.020,8.259,33.9,1062.8,8,1375,1
1779134311.5744572,339,4.506,6.112,0.0,1062.8,8,1375,1
1779134311.6132672,340,8.896,11.482,27.5,1062.8,8,1375,1
1779134311.6296492,341,7.761,10.326,36.4,1062.8,8,1375,1
1779134311.6765332,342,10.462,11.841,25.8,1062.8,8,1375,1
1779134311.7274466,343,9.637,12.267,19.4,1062.8,8,1375,1
1779134311.7423935,344,7.462,9.411,35.7,1062.8,8,1375,1
1779134311.7794316,345,13.767,16.440,18.2,1062.8,8,1375,1
1779134311.8214989,346,11.349,12.852,33.3,1062.8,8,1375,1
1779134311.868619,347,7.864,10.540,48.4,1062.8,8,1375,1
1779134311.8828387,348,6.126,8.380,38.5,1062.8,8,1375,1
1779134311.911423,349,5.119,6.281,15.2,1062.8,9,1376,1
1779134311.9763365,350,5.809,7.336,10.0,1062.8,9,1377,1
1779134311.9905524,351,6.481,8.124,26.7,1062.8,9,1377,1
1779134312.0307074,352,9.785,12.024,32.4,1062.8,9,1377,1
1779134312.0475461,353,6.063,9.017,36.4,1062.8,9,1377,1
1779134312.0765967,354,9.275,10.499,62.5,1062.8,9,1377,1
1779134312.1227381,355,9.096,10.910,20.5,1062.8,9,1377,1
1779134312.1374407,356,4.921,6.764,35.7,1062.8,9,1377,1
1779134312.1744528,357,9.660,11.597,12.4,1062.8,9,1377,1
1779134312.2205489,358,7.253,9.295,27.0,1062.8,9,1377,1
1779134312.2673988,359,7.095,8.912,28.9,1062.8,9,1377,1
1779134312.2819061,360,6.527,8.057,31.2,1062.8,9,1377,1
1779134312.3317583,361,6.591,9.275,20.4,1062.8,9,1377,1
1779134312.34665,362,5.946,7.143,15.8,1062.8,9,1377,1
1779134312.3794086,363,6.359,9.094,25.0,1062.8,9,1377,1
1779134312.422606,364,4.902,6.020,21.4,1062.8,9,1377,1
1779134312.43379,365,4.509,5.685,0.0,1062.8,9,1377,1
1779134312.4723008,366,5.661,7.348,22.7,1062.8,9,1377,1
1779134312.5218604,367,7.155,8.908,4.7,1062.8,9,1377,1
1779134312.5370035,368,6.760,7.895,6.2,1062.8,9,1377,1
1779134312.5659986,369,4.932,6.005,16.1,1062.8,9,1377,1
1779134312.61818,370,6.577,8.781,9.3,1062.8,9,1377,1
1779134312.6348302,371,7.470,9.820,0.0,1062.8,9,1377,1
1779134312.683005,372,6.052,8.166,18.5,1062.8,9,1377,1
1779134312.7356713,373,9.543,12.673,15.8,1062.8,9,1377,1
1779134312.749479,374,5.568,6.749,22.2,1062.8,9,1377,1
1779134312.7821705,375,8.512,12.506,15.6,1062.8,9,1377,1
1779134312.8249247,376,4.736,5.998,9.3,1062.8,9,1377,1
1779134312.8415864,377,7.393,8.955,0.0,1062.8,9,1377,1
1779134312.8713367,378,4.824,6.069,29.0,1062.8,9,1377,1
1779134312.9240272,379,6.825,10.043,13.8,1062.8,9,1376,1
1779134312.9379272,380,4.180,5.527,21.4,1062.8,9,1376,1
1779134312.987063,381,6.910,9.085,42.9,1062.8,9,1372,1
1779134313.034736,382,5.849,7.617,18.0,1062.8,9,1372,1
1779134313.0501652,383,6.276,7.593,26.3,1062.8,9,1372,1
1779134313.0824232,384,6.854,8.292,15.2,1062.8,9,1372,1
1779134313.1347446,385,8.225,11.561,12.7,1062.8,9,1372,1
1779134313.1498373,386,7.014,8.563,25.0,1062.8,9,1372,1
1779134313.1776817,387,5.259,7.721,24.1,1062.8,9,1372,1
1779134313.227113,388,6.815,9.227,8.1,1062.8,9,1372,1
1779134313.2398818,389,5.783,7.266,6.7,1062.8,9,1372,1
1779134313.2765243,390,7.660,10.382,9.4,1062.8,9,1372,1
1779134313.290276,391,4.122,5.323,31.2,1062.8,9,1372,1
1779134313.3392394,392,7.206,9.373,9.1,1062.8,9,1372,1
1779134313.3857973,393,6.319,8.262,12.8,1062.8,9,1372,1
1779134313.4296703,394,4.754,6.148,2.1,1062.8,10,1372,1
1779134313.444692,395,5.715,6.852,35.7,1062.8,10,1372,1
1779134313.4823773,396,6.177,8.090,5.4,1062.8,10,1372,1
1779134313.5306048,397,5.953,7.736,13.5,1062.8,10,1372,1
1779134313.5468268,398,6.522,8.675,35.0,1062.8,10,1372,1
1779134313.5782826,399,6.474,8.070,21.1,1062.8,10,1372,1
1779134313.6428704,400,6.503,8.806,28.6,1062.8,10,1372,1
1779134313.6581504,401,6.751,7.853,9.5,1062.8,10,1372,1
1779134313.6858947,402,4.844,6.050,14.3,1062.8,10,1372,1
1779134313.7000952,403,5.609,6.724,15.4,1062.8,10,1372,1
1779134313.7432134,404,8.664,10.695,21.9,1062.8,10,1372,1
1779134313.7919493,405,7.671,10.970,14.0,1062.8,10,1372,1
1779134313.8337789,406,6.952,8.921,14.0,1062.8,10,1372,1
1779134313.8457205,407,5.321,6.460,27.6,1062.8,10,1372,1
1779134313.8828132,408,7.120,9.666,26.9,1062.8,10,1372,1
1779134313.929304,409,6.294,9.142,19.6,1062.8,9,1372,1
1779134313.943142,410,5.936,7.406,6.7,1062.8,9,1372,1
1779134313.99663,411,6.134,7.585,20.8,1062.8,9,1372,1
1779134314.010234,412,6.938,8.105,0.0,1062.8,9,1372,1
1779134314.0448186,413,8.944,11.349,9.1,1062.8,9,1372,1
1779134314.0905135,414,4.887,7.104,7.8,1062.8,9,1372,1
1779134314.1055205,415,6.209,7.600,0.0,1062.8,9,1372,1
1779134314.1371932,416,6.296,7.649,6.2,1062.8,9,1372,1
1779134314.189306,417,8.512,10.897,16.2,1062.8,9,1372,1
1779134314.2325914,418,5.370,6.909,42.3,1062.8,9,1372,1
1779134314.2470186,419,5.587,7.052,7.7,1062.8,9,1372,1
1779134314.2850618,420,8.798,11.282,12.0,1062.8,9,1372,1
1779134314.2956867,421,4.052,5.208,0.0,1062.8,9,1372,1
1779134314.3494785,422,8.271,11.390,27.3,1062.8,9,1372,1
1779134314.397482,423,7.850,10.785,17.5,1062.8,12,1372,1
1779134314.413271,424,6.812,8.879,26.7,1062.8,12,1372,1
1779134314.4401765,425,4.268,5.471,24.4,1062.8,12,1372,1
1779134314.489418,426,6.511,8.184,10.9,1062.8,12,1372,1
1779134314.5051196,427,6.478,7.895,13.3,1062.8,12,1372,1
1779134314.539367,428,6.912,9.037,0.0,1062.8,12,1372,1
1779134314.5899131,429,9.353,12.095,15.4,1062.8,12,1372,1
1779134314.65425,430,8.763,10.859,3.8,1062.8,12,1372,1
1779134314.671033,431,8.102,9.413,41.7,1062.8,12,1372,1
1779134314.7010794,432,10.173,12.038,3.7,1062.8,12,1372,1
1779134314.7155821,433,5.680,6.852,27.3,1062.8,12,1372,1
1779134314.7458262,434,6.827,8.748,28.1,1062.8,12,1372,1
1779134314.7962625,435,7.324,10.101,13.7,1062.8,12,1372,1
1779134314.8094108,436,4.505,5.785,0.0,1062.8,12,1372,1
1779134314.8399107,437,5.805,7.157,0.0,1062.8,12,1372,1
1779134314.8949227,438,6.538,9.163,33.3,1062.8,11,1372,1
1779134314.9113386,439,6.133,8.001,14.3,1062.8,11,1372,1
1779134314.926927,440,7.998,9.109,25.0,1062.8,11,1372,1
1779134314.9722981,441,8.333,11.086,17.0,1062.8,11,1372,1
1779134315.0083842,442,10.694,15.020,5.9,1062.8,11,1372,1
1779134315.0356095,443,7.516,9.112,27.8,1062.8,11,1372,1
1779134315.0642197,444,6.981,8.447,16.1,1062.8,11,1372,1
1779134315.1037645,445,9.323,12.884,11.6,1062.8,11,1368,1
1779134315.1254866,446,3.783,4.993,13.0,1062.8,11,1368,1
1779134315.1630676,447,7.278,9.377,23.5,1062.8,11,1368,1
1779134315.21271,448,6.515,9.131,7.4,1062.8,11,1368,1
1779134315.2593334,449,7.015,9.100,7.6,1062.8,11,1368,1
1779134315.2728164,450,4.609,5.830,7.1,1062.8,11,1368,1
1779134315.3249435,451,6.348,7.737,10.4,1062.8,11,1368,1
1779134315.3359802,452,4.490,5.601,50.0,1062.8,11,1368,1
1779134315.3704221,453,7.773,10.138,6.7,1062.8,11,1368,1
1779134315.4209166,454,7.029,9.696,13.8,1062.8,9,1368,1
1779134315.4635825,455,4.970,6.152,10.6,1062.8,9,1368,1
1779134315.4768858,456,4.581,5.781,5.9,1062.8,9,1368,1
1779134315.5139387,457,7.482,9.610,0.0,1062.8,9,1368,1
1779134315.5635858,458,5.784,7.732,21.9,1062.8,9,1368,1
1779134315.5786705,459,6.165,7.684,26.7,1062.8,9,1368,1
1779134315.627065,460,6.727,9.194,14.0,1062.8,9,1368,1
1779134315.6407328,461,6.503,8.112,18.2,1062.8,9,1368,1
1779134315.6771114,462,7.360,10.659,25.0,1062.8,9,1368,1
1779134315.7251904,463,7.390,10.698,1.9,1062.8,9,1368,1
1779134315.737056,464,5.743,7.189,50.0,1062.8,9,1368,1
1779134315.7719684,465,7.153,9.352,12.5,1062.8,9,1368,1
1779134315.8209612,466,6.428,9.901,21.7,1062.8,9,1368,1
1779134315.867916,467,7.514,9.850,24.2,1062.8,9,1368,1
1779134315.8807979,468,5.784,7.391,43.8,1062.8,9,1368,1
1779134315.9113646,469,5.691,7.298,3.2,1062.8,8,1368,1
1779134315.9247007,470,4.877,5.999,20.0,1062.8,8,1368,1
1779134315.98042,471,6.480,9.110,20.4,1062.8,8,1368,1
1779134316.0209265,472,5.526,6.743,18.8,1062.8,8,1368,1
1779134316.0327604,473,5.148,6.293,87.5,1062.8,8,1368,1
1779134316.0735219,474,5.665,7.956,5.7,1062.8,8,1368,1
1779134316.1245937,475,7.357,9.908,8.9,1062.8,8,1363,1
1779134316.1416202,476,7.100,10.009,46.7,1062.8,8,1363,1
1779134316.1702764,477,7.167,9.090,0.0,1062.8,8,1363,1
1779134316.220956,478,7.617,10.177,18.3,1062.8,8,1363,1
1779134316.2688584,479,7.184,10.081,18.4,1062.8,8,1363,1
1779134316.2820654,480,5.799,7.461,21.1,1062.8,8,1363,1
1779134316.3342662,481,8.832,12.561,16.4,1062.8,8,1359,1
1779134316.3478181,482,5.021,6.166,14.3,1062.8,8,1359,1
1779134316.3802583,483,7.405,9.984,17.9,1062.8,8,1359,1
1779134316.4320588,484,8.242,10.983,8.6,1062.8,8,1359,1
1779134316.4493415,485,6.538,8.274,31.2,1062.8,8,1359,1
1779134316.472886,486,6.460,7.799,19.2,1062.8,8,1359,1
1779134316.5220997,487,8.842,10.578,11.3,1062.8,8,1359,1
1779134316.5359619,488,5.972,7.353,14.3,1062.8,8,1359,1
1779134316.5716333,489,7.943,10.372,43.8,1062.8,8,1359,1
1779134316.636719,490,5.849,8.553,10.4,1062.8,8,1359,1
1779134316.6527317,491,7.715,9.466,0.0,1062.8,8,1359,1
1779134316.6839178,492,7.575,10.402,0.0,1062.8,8,1359,1
1779134316.7327137,493,7.148,9.401,4.2,1062.8,8,1359,1
1779134316.7457452,494,4.391,6.430,47.4,1062.8,8,1359,1
1779134316.780284,495,7.242,9.856,11.8,1062.8,8,1359,1
1779134316.8267503,496,6.419,7.972,13.6,1062.8,8,1359,1
1779134316.8447163,497,9.814,11.011,25.9,1062.8,8,1359,1
1779134316.876557,498,7.178,9.873,64.7,1062.8,8,1359,1
1779134316.9273257,499,8.364,12.005,21.8,1062.8,9,1359,1
1779134316.946047,500,10.672,12.671,5.3,1062.8,9,1359,1
1779134316.9880354,501,8.893,10.464,9.8,1062.8,9,1359,1
1779134317.0395346,502,10.135,13.522,12.3,1062.8,9,1359,1
1779134317.0544739,503,6.187,7.450,7.1,1062.8,9,1359,1
1779134317.0840478,504,6.816,8.593,13.3,1062.8,9,1359,1
1779134317.1309917,505,6.093,8.277,4.0,1062.8,9,1359,1
1779134317.144441,506,6.224,7.791,58.8,1062.8,9,1359,1
1779134317.1824462,507,9.389,12.806,13.5,1062.8,9,1359,1
1779134317.227443,508,6.783,9.768,17.0,1062.8,9,1359,1
1779134317.2441688,509,9.183,11.062,28.6,1062.8,9,1359,1
1779134317.2921777,510,6.699,8.732,6.9,1062.8,9,1359,1
1779134317.306667,511,5.508,7.027,7.1,1062.8,9,1359,1
1779134317.3393002,512,7.891,10.052,15.2,1062.8,9,1359,1
1779134317.3891501,513,8.243,11.027,8.7,1062.8,11,1359,1
1779134317.4062688,514,7.314,9.397,16.7,1062.8,11,1359,1
1779134317.4360325,515,7.490,9.843,0.0,1062.8,11,1359,1
1779134317.4795525,516,5.368,6.459,14.0,1062.8,11,1359,1
1779134317.5329869,517,5.591,7.881,25.0,1062.8,11,1359,1
1779134317.5475452,518,4.969,6.087,15.4,1062.8,11,1359,1
1779134317.5786214,519,6.174,8.615,26.9,1062.8,11,1359,1
1779134317.5906243,520,5.045,6.458,0.0,1062.8,11,1359,1
1779134317.6485007,521,8.930,13.156,4.5,1062.8,11,1359,1
1779134317.695382,522,9.306,12.543,19.4,1062.8,11,1359,1
1779134317.7134912,523,7.549,9.485,0.0,1062.8,11,1359,1
1779134317.7383308,524,5.370,7.189,22.7,1062.8,11,1359,1
1779134317.789141,525,8.701,11.247,3.2,1062.8,11,1359,1
1779134317.8331177,526,5.829,7.736,14.3,1062.8,11,1359,1
1779134317.8506284,527,6.242,8.728,53.8,1062.8,11,1359,1
1779134317.882967,528,6.975,9.831,23.1,1062.8,11,1359,1
1779134317.9338727,529,8.034,10.051,10.0,1062.8,9,1359,1
1779134317.9470317,530,5.147,6.685,0.0,1062.8,9,1359,1
1779134317.9964647,531,7.980,10.219,6.9,1062.8,9,1359,1
1779134318.0135534,532,7.363,9.582,0.0,1062.8,9,1359,1
1779134318.0393124,533,5.800,7.482,6.7,1062.8,9,1359,1
1779134318.0910754,534,6.934,9.530,18.2,1062.8,9,1359,1
1779134318.106785,535,6.517,8.231,0.0,1062.8,9,1359,1
1779134318.1388946,536,7.256,10.217,7.7,1062.8,9,1359,1
1779134318.1818812,537,4.344,6.055,28.6,1062.8,9,1359,1
1779134318.192565,538,4.756,6.002,37.5,1062.8,9,1359,1
1779134318.233918,539,7.152,9.587,31.6,1062.8,9,1359,1
1779134318.3008068,540,6.336,10.422,11.4,1062.8,9,1359,1
1779134318.3134453,541,4.047,5.183,25.0,1062.8,9,1359,1
1779134318.3481913,542,7.494,10.010,29.4,1062.8,9,1359,1
1779134318.3991828,543,9.068,11.869,14.5,1062.8,5,1359,1
1779134318.414314,544,6.040,7.711,0.0,1062.8,5,1359,1
1779134318.442609,545,6.750,9.206,24.0,1062.8,5,1359,1
1779134318.4865625,546,4.538,5.614,11.3,1062.8,5,1359,1
1779134318.4991498,547,5.890,7.038,25.0,1062.8,5,1359,1
1779134318.537358,548,6.761,8.681,19.2,1062.8,5,1359,1
1779134318.5890026,549,6.472,8.583,12.1,1062.8,5,1359,1
1779134318.60471,550,5.767,7.559,16.7,1062.8,5,1359,1
1779134318.6561527,551,9.701,12.913,20.3,1062.8,5,1359,1
1779134318.709423,552,13.380,17.104,27.7,1062.8,5,1359,1
1779134318.728102,553,7.610,9.933,0.0,1062.8,5,1359,1
1779134318.7454948,554,6.603,8.626,28.6,1062.8,5,1359,1
1779134318.7916722,555,4.678,6.626,6.0,1062.8,5,1359,1
1779134318.8064022,556,6.777,8.197,0.0,1062.8,5,1359,1
1779134318.843993,557,6.923,9.134,37.1,1062.8,5,1359,1
1779134318.8909304,558,7.642,10.007,8.6,1062.8,13,1359,1
1779134318.907493,559,6.217,8.043,33.3,1062.8,13,1359,1
1779134318.9579484,560,8.045,10.802,26.7,1062.8,13,1359,1
1779134318.9723566,561,6.971,8.875,21.4,1062.8,13,1359,1
1779134319.0009015,562,5.801,6.924,10.4,1062.8,13,1359,1
1779134319.0540392,563,8.289,11.166,11.6,1062.8,13,1359,1
1779134319.099228,564,6.731,9.456,1.9,1062.8,13,1359,1
1779134319.1168897,565,8.335,10.122,55.6,1062.8,13,1359,1
1779134319.1517644,566,8.657,12.933,24.2,1062.8,13,1359,1
1779134319.1955597,567,7.310,9.977,3.6,1062.8,13,1359,1
1779134319.2118483,568,6.477,8.605,0.0,1062.8,13,1359,1
1779134319.2459908,569,7.884,10.948,16.3,1062.8,13,1359,1
1779134319.30849,570,6.889,9.042,11.1,1062.8,13,1359,1
1779134319.323466,571,6.006,7.498,0.0,1062.8,13,1359,1
1779134319.354887,572,7.332,10.584,15.4,1062.8,13,1359,1
1779134319.372814,573,7.373,10.428,0.0,1062.8,13,1359,1
1779134319.4027889,574,6.533,8.101,4.4,1062.8,7,1359,1
1779134319.455134,575,8.837,12.337,24.3,1062.8,7,1359,1
1779134319.4946685,576,4.339,5.602,6.1,1062.8,7,1359,1
1779134319.5106862,577,6.256,8.338,0.0,1062.8,7,1359,1
1779134319.5470457,578,6.651,8.950,42.9,1062.8,7,1359,1
1779134319.5994043,579,8.368,12.273,21.3,1062.8,7,1359,1
1779134319.6100311,580,4.009,5.240,10.7,1062.8,7,1359,1
1779134319.662781,581,9.233,11.838,13.5,1062.8,7,1359,1
1779134319.68084,582,8.175,10.451,50.0,1062.8,7,1359,1
1779134319.7023625,583,4.106,5.221,17.9,1062.8,7,1359,1
1779134319.7558937,584,6.479,8.402,16.7,1062.8,7,1359,1
1779134319.7726533,585,6.261,8.334,42.9,1062.8,7,1359,1
1779134319.8042045,586,7.044,9.604,9.8,1062.8,7,1359,1
1779134319.852052,587,6.954,9.709,23.1,1062.8,7,1359,1
1779134319.9026093,588,8.359,12.384,6.8,1062.8,8,1359,1
1779134319.9187276,589,6.504,7.711,3.6,1062.8,8,1359,1
1779134319.9677107,590,6.803,10.511,21.3,1062.8,8,1359,1
1779134319.9800396,591,5.315,6.796,8.3,1062.8,8,1359,1
1779134320.0070565,592,4.694,6.031,12.8,1062.8,8,1359,1
1779134320.0614412,593,7.149,9.802,12.2,1062.8,8,1359,1
1779134320.0747278,594,5.567,6.743,0.0,1062.8,8,1359,1
1779134320.1050365,595,5.625,6.730,2.2,1062.8,8,1359,1
1779134320.157465,596,7.908,10.423,21.2,1062.8,8,1359,1
1779134320.1706917,597,4.974,6.566,66.7,1062.8,8,1359,1
1779134320.2053182,598,6.652,9.224,54.5,1062.8,8,1359,1
1779134320.2533112,599,7.742,10.560,28.9,1062.8,8,1359,1
1779134320.2688699,600,5.648,7.336,100.0,1062.8,8,1359,1
1779134320.3125482,601,5.843,7.618,4.9,1062.8,8,1359,1
1779134320.3576632,602,5.874,7.198,11.4,1062.8,8,1359,1
1779134320.3692257,603,4.679,6.009,0.0,1062.8,8,1359,1
1779134320.4109445,604,5.942,7.627,12.5,1062.8,11,1359,1
1779134320.4629042,605,9.949,12.299,21.1,1062.8,11,1359,1
1779134320.4813035,606,8.017,10.462,7.1,1062.8,11,1359,1
1779134320.5046332,607,6.557,7.717,16.7,1062.8,11,1359,1
1779134320.5571997,608,8.188,10.506,12.8,1062.8,11,1359,1
1779134320.580728,609,11.225,14.104,20.0,1062.8,11,1359,1
1779134320.625728,610,11.087,13.425,52.9,1062.8,11,1359,1
1779134320.6647394,611,4.532,6.004,33.3,1062.8,11,1359,1
1779134320.6773727,612,4.361,5.993,0.0,1062.8,11,1359,1
1779134320.7162638,613,8.024,10.874,2.9,1062.8,11,1359,1
1779134320.7677026,614,7.488,11.637,26.0,1062.8,11,1359,1
1779134320.7867649,615,7.430,10.963,16.7,1062.8,11,1359,1
1779134320.811949,616,8.171,10.309,25.0,1062.8,11,1359,1
1779134320.8635004,617,7.565,10.550,15.5,1062.8,11,1359,1
1779134320.8791308,618,6.073,8.018,25.0,1062.8,11,1359,1
1779134320.9083679,619,7.787,9.971,17.9,1062.8,9,1359,1
1779134320.9754505,620,8.156,12.365,13.0,1062.8,9,1359,1
1779134320.9915578,621,7.110,8.609,100.0,1062.8,9,1359,1
1779134321.0165637,622,6.365,7.624,40.0,1062.8,9,1359,1
1779134321.0693903,623,6.348,8.796,17.2,1062.8,9,1359,1
1779134321.0820463,624,3.782,5.209,16.7,1062.8,9,1359,1
1779134321.1160884,625,7.164,9.669,25.0,1062.8,9,1359,1
1779134321.1655946,626,8.086,11.063,13.2,1062.8,9,1359,1
1779134321.1832361,627,8.361,10.123,0.0,1062.8,9,1359,1
1779134321.2099292,628,6.777,8.771,11.5,1062.8,9,1359,1
1779134321.2617135,629,7.918,10.292,18.5,1062.8,9,1359,1
1779134321.2801082,630,10.109,11.829,2.0,1062.8,9,1359,1
1779134321.327505,631,10.127,13.733,20.5,1062.8,9,1359,1
1779134321.3415675,632,5.730,7.094,0.0,1062.8,9,1359,1
1779134321.3759358,633,9.675,13.467,17.6,1062.8,9,1359,1
1779134321.4239354,634,9.984,13.857,18.6,1062.8,20,1359,1
1779134321.4704194,635,11.120,13.753,10.8,1062.8,20,1359,1
1779134321.4846606,636,5.112,6.452,25.0,1062.8,20,1359,1
1779134321.5129352,637,7.630,8.911,20.0,1062.8,20,1359,1
1779134321.56177,638,7.242,8.825,16.7,1062.8,20,1359,1
1779134321.5794597,639,8.305,10.287,12.5,1062.8,20,1359,1
1779134321.6331565,640,11.401,13.931,8.9,1062.8,20,1359,1
1779134321.6475255,641,5.355,6.893,3.1,1062.8,20,1359,1
1779134321.6774716,642,10.766,12.576,7.3,1062.8,20,1359,1
1779134321.7264473,643,8.414,10.383,18.6,1062.8,20,1359,1
1779134321.742818,644,7.749,9.366,28.6,1062.8,20,1359,1
1779134321.7699912,645,5.855,7.985,8.0,1062.8,20,1359,1
1779134321.8231132,646,8.422,12.202,16.3,1062.8,20,1359,1
1779134321.8690584,647,7.061,10.538,8.0,1062.8,20,1359,1
1779134321.882433,648,7.272,8.785,37.5,1062.8,20,1359,1
1779134321.9150045,649,6.106,8.302,0.0,1062.8,8,1359,1
1779134321.9312975,650,6.087,7.694,8.3,1062.8,8,1359,1
1779134321.97929,651,6.377,8.775,2.0,1062.8,8,1359,1
1779134322.0279145,652,8.343,10.605,5.3,1062.8,8,1359,1
1779134322.048733,653,8.532,11.739,28.6,1062.8,8,1359,1
1779134322.071926,654,5.015,6.827,0.0,1062.8,8,1359,1
1779134322.1274421,655,8.720,12.142,19.6,1062.8,8,1359,1
1779134322.144901,656,7.320,9.307,22.7,1062.8,8,1359,1
1779134322.1675968,657,4.814,6.101,24.0,1062.8,8,1359,1
1779134322.2189438,658,6.416,9.238,100.0,1062.8,8,1359,1
1779134322.2635849,659,4.871,6.316,7.4,1062.8,8,1359,1
1779134322.275964,660,5.672,6.858,12.5,1062.8,8,1359,1
1779134322.3323746,661,7.070,9.860,6.0,1062.8,8,1359,1
1779134322.3477588,662,7.021,8.919,26.3,1062.8,8,1359,1
1779134322.3779004,663,5.620,7.011,10.5,1062.8,8,1359,1
1779134322.4300892,664,8.908,11.235,26.2,1062.8,10,1359,1
1779134322.4445615,665,6.351,9.421,61.5,1062.8,10,1359,1
1779134322.4743972,666,6.309,9.123,17.8,1062.8,10,1359,1
1779134322.517337,667,5.634,6.841,24.0,1062.8,10,1359,1
1779134322.5286632,668,4.674,5.783,0.0,1062.8,10,1359,1
1779134322.5756564,669,8.148,10.768,1.9,1062.8,10,1359,1
1779134322.6362867,670,7.340,9.238,13.3,1062.8,10,1359,1
1779134322.651569,671,6.594,7.851,0.0,1062.8,10,1359,1
1779134322.6808972,672,5.318,7.344,23.1,1062.8,10,1359,1
1779134322.7363193,673,10.181,13.834,21.2,1062.8,10,1359,1
1779134322.7565606,674,9.107,12.522,28.6,1062.8,10,1359,1
1779134322.779902,675,7.723,9.767,0.0,1062.8,10,1359,1
1779134322.8248663,676,4.666,6.000,10.0,1062.8,10,1359,1
1779134322.8378656,677,5.304,6.517,0.0,1062.8,10,1359,1
1779134322.8767087,678,7.066,9.468,30.6,1062.8,10,1359,1
1779134322.9272118,679,8.492,12.581,8.6,1062.8,11,1359,1
1779134322.9436257,680,7.846,9.811,100.0,1062.8,11,1359,1
1779134322.9867754,681,5.838,7.593,5.4,1062.8,11,1359,1
1779134323.0017107,682,6.026,7.437,54.5,1062.8,11,1359,1
1779134323.0336943,683,6.093,8.260,14.8,1062.8,11,1359,1
1779134323.0873387,684,7.721,10.533,9.1,1062.8,11,1359,1
1779134323.1346684,685,8.971,12.230,12.5,1062.8,11,1359,1
1779134323.1519308,686,7.317,9.322,33.3,1062.8,11,1359,1
1779134323.179477,687,7.597,10.598,33.3,1062.8,11,1359,1
1779134323.2307885,688,8.803,12.176,8.5,1062.8,11,1359,1
1779134323.2447548,689,6.149,8.337,0.0,1062.8,11,1359,1
1779134323.2946014,690,7.125,9.787,5.2,1062.8,11,1359,1
1779134323.3091316,691,5.946,7.562,66.7,1062.8,11,1359,1
1779134323.338656,692,7.055,9.386,7.4,1062.8,11,1359,1
1779134323.3902566,693,9.736,12.714,16.7,1062.8,11,1359,1
1779134323.438869,694,8.754,11.566,20.0,1062.8,9,1359,1
1779134323.4549136,695,6.621,8.433,20.0,1062.8,9,1359,1
1779134323.4818807,696,7.092,8.835,0.0,1062.8,9,1359,1
1779134323.5264773,697,4.473,5.693,19.6,1062.8,9,1359,1
1779134323.5410507,698,5.629,6.802,0.0,1062.8,9,1359,1
1779134323.5795758,699,7.500,11.029,17.1,1062.8,9,1359,1
1779134323.596054,700,6.334,8.009,40.9,1062.8,9,1359,1
1779134323.6420605,701,7.398,9.574,11.5,1062.8,9,1359,1
1779134323.692283,702,6.504,8.749,4.8,1062.8,9,1359,1
1779134323.7068546,703,5.998,7.088,26.1,1062.8,9,1359,1
1779134323.7368915,704,5.834,7.567,19.2,1062.8,9,1359,1
1779134323.7892492,705,7.753,10.446,12.2,1062.8,9,1359,1
1779134323.8310385,706,5.407,6.790,15.8,1062.8,9,1359,1
1779134323.846582,707,6.852,8.618,30.8,1062.8,9,1359,1
1779134323.884128,708,7.393,9.644,6.1,1062.8,9,1359,1
1779134323.9322703,709,6.109,8.221,10.0,1062.8,9,1359,1
1779134323.9485798,710,6.668,10.298,0.0,1062.8,9,1359,1
1779134323.9981153,711,8.462,12.144,4.9,1062.8,9,1359,1
1779134324.017182,712,9.859,12.268,29.7,1062.8,9,1359,1
1779134324.0413928,713,7.430,9.175,16.7,1062.8,9,1359,1
1779134324.0907135,714,7.783,9.205,16.7,1062.8,9,1359,1
1779134324.1071305,715,6.937,8.823,6.7,1062.8,9,1359,1
1779134324.1386232,716,6.528,8.929,12.5,1062.8,9,1359,1
1779134324.1920867,717,6.940,10.799,20.7,1062.8,9,1359,1
1779134324.2357523,718,7.511,9.987,75.0,1062.8,9,1359,1
1779134324.2513149,719,6.593,8.503,5.7,1062.8,9,1359,1
1779134324.303968,720,11.015,14.188,17.5,1062.8,9,1359,1
1779134324.3199708,721,6.890,8.152,0.0,1062.8,9,1359,1
1779134324.3458498,722,5.663,7.991,22.6,1062.8,9,1359,1
1779134324.3951526,723,5.729,8.676,4.4,1062.8,9,1359,1
1779134324.4111192,724,6.537,8.325,43.8,1062.8,9,1359,1
1779134324.440417,725,5.422,6.528,12.9,1062.8,9,1359,1
1779134324.4906516,726,6.416,9.258,15.2,1062.8,9,1359,1
1779134324.5054147,727,6.559,7.974,40.0,1062.8,9,1359,1
1779134324.5356982,728,5.839,7.040,13.9,1062.8,9,1359,1
1779134324.5906284,729,7.462,10.409,3.3,1062.8,9,1359,1
1779134324.6033762,730,5.333,7.060,23.1,1062.8,9,1359,1
1779134324.6536436,731,9.135,10.516,7.0,1062.8,9,1359,1
1779134324.6927829,732,5.064,6.168,12.5,1062.8,9,1359,1
1779134324.7057183,733,5.273,6.405,63.6,1062.8,9,1359,1
1779134324.7462068,734,6.029,8.814,5.1,1062.8,9,1359,1
1779134324.7993848,735,8.507,12.071,22.2,1062.8,9,1359,1
1779134324.8147585,736,5.838,6.954,46.7,1062.8,9,1359,1
1779134324.8434076,737,6.889,9.044,19.0,1062.8,9,1359,1
1779134324.896802,738,9.748,13.394,22.7,1062.8,7,1359,1
1779134324.912075,739,5.921,7.783,12.5,1062.8,7,1359,1
1779134324.9569483,740,7.861,10.148,21.7,1062.8,7,1359,1
1779134324.9722173,741,6.239,7.861,38.5,1062.8,7,1359,1
1779134325.0036924,742,7.838,10.502,11.5,1062.8,7,1359,1
1779134325.0463378,743,4.288,5.920,12.2,1062.8,7,1359,1
1779134325.0972087,744,6.061,8.600,9.3,1062.8,7,1359,1
1779134325.1121814,745,5.807,7.538,46.2,1062.8,7,1359,1
1779134325.1524289,746,9.983,13.815,21.6,1062.8,7,1359,1
1779134325.199093,747,8.262,12.073,17.5,1062.8,7,1359,1
1779134325.2132902,748,5.126,6.736,0.0,1062.8,7,1359,1
1779134325.245759,749,7.839,10.328,4.2,1062.8,7,1359,1
1779134325.2600589,750,5.371,6.788,3.1,1062.8,7,1359,1
1779134325.307391,751,6.717,9.014,3.9,1062.8,7,1359,1
1779134325.3573997,752,9.265,11.500,9.1,1062.8,7,1359,1
1779134325.373698,753,8.488,10.737,20.0,1062.8,7,1359,1
1779134325.403693,754,8.131,10.534,3.8,1062.8,10,1359,1
1779134325.4550912,755,9.157,13.139,23.3,1062.8,10,1359,1
1779134325.5032008,756,8.114,10.356,24.1,1062.8,10,1359,1
1779134325.5198255,757,8.130,9.801,50.0,1062.8,10,1359,1
1779134325.5456977,758,7.514,8.714,24.0,1062.8,10,1359,1
1779134325.5965629,759,8.727,11.111,13.3,1062.8,10,1359,1
1779134325.6137123,760,7.325,9.682,20.0,1062.8,10,1359,1
1779134325.6665125,761,12.418,15.553,11.1,1062.8,10,1359,1
1779134325.6871357,762,12.049,13.122,46.2,1062.8,10,1359,1
1779134325.7063513,763,8.386,9.554,30.4,1062.8,10,1359,1
1779134325.7598395,764,10.768,13.729,9.8,1062.8,10,1359,1
1779134325.772172,765,4.725,5.846,4.5,1062.8,10,1359,1
1779134325.8023684,766,6.317,9.505,8.3,1062.8,10,1359,1
1779134325.8482294,767,5.297,7.799,14.3,1062.8,10,1359,1
1779134325.9025052,768,8.827,12.963,12.5,1062.8,12,1359,1
1779134325.9174244,769,6.678,8.339,9.5,1062.8,12,1359,1
1779134325.9696937,770,9.313,13.459,13.2,1062.8,12,1359,1
1779134325.984549,771,5.374,6.862,11.5,1062.8,12,1359,1
1779134326.0112875,772,7.529,9.734,14.3,1062.8,12,1359,1
1779134326.0578837,773,6.730,8.701,9.5,1062.8,12,1359,1
1779134326.072163,774,5.980,7.591,7.1,1062.8,12,1359,1
1779134326.1052067,775,6.297,8.036,0.0,1062.8,12,1359,1
1779134326.1552315,776,6.921,8.588,14.6,1062.8,12,1359,1
1779134326.170738,777,6.398,8.909,21.4,1062.8,12,1359,1
1779134326.194338,778,4.495,5.946,16.7,1062.8,12,1359,1
1779134326.2540874,779,8.744,11.892,17.9,1062.8,12,1359,1
1779134326.2712095,780,7.524,9.487,28.6,1062.8,12,1359,1
1779134326.3162334,781,7.334,10.430,12.1,1062.8,12,1359,1
1779134326.3627985,782,7.285,9.372,29.4,1062.8,12,1359,1
1779134326.3773448,783,6.633,8.997,20.0,1062.8,12,1359,1
1779134326.4082913,784,5.665,7.329,14.7,1062.8,6,1359,1
1779134326.460793,785,6.260,9.946,19.6,1062.8,6,1359,1
1779134326.4748871,786,5.353,6.734,0.0,1062.8,6,1359,1
1779134326.502979,787,4.815,6.137,10.8,1062.8,6,1359,1
1779134326.5565321,788,7.526,10.029,16.1,1062.8,6,1359,1
1779134326.5710917,789,5.379,6.932,0.0,1062.8,6,1359,1
1779134326.614606,790,5.029,6.176,6.8,1062.8,6,1359,1
1779134326.671411,791,7.685,12.038,11.7,1062.8,6,1359,1
1779134326.687455,792,7.195,9.495,33.3,1062.8,6,1359,1
1779134326.714491,793,7.386,9.450,10.0,1062.8,6,1359,1
1779134326.7648005,794,6.728,9.729,13.3,1062.8,6,1359,1
1779134326.7782395,795,5.418,6.992,100.0,1062.8,6,1359,1
1779134326.8077073,796,6.114,7.406,6.7,1062.8,6,1359,1
1779134326.8544316,797,4.514,5.629,24.1,1062.8,6,1359,1
1779134326.8689225,798,6.877,8.030,0.0,1062.8,6,1359,1
1779134326.9039419,799,5.442,6.739,17.1,1062.8,8,1359,1
1779134326.9733832,800,6.760,9.861,28.1,1062.8,8,1359,1
1779134326.9866693,801,5.419,7.491,23.1,1062.8,8,1359,1
1779134327.014541,802,6.318,7.697,17.1,1062.8,8,1359,1
1779134327.0703356,803,7.668,11.112,13.7,1062.8,8,1359,1
1779134327.0856705,804,5.758,6.864,8.3,1062.8,8,1359,1
1779134327.1117628,805,5.460,6.547,13.3,1062.8,8,1359,1
1779134327.1639597,806,7.559,10.250,13.3,1062.8,8,1359,1
1779134327.1781588,807,6.015,7.681,50.0,1062.8,8,1359,1
1779134327.2092826,808,5.710,7.723,25.6,1062.8,8,1359,1
1779134327.2646654,809,7.716,10.532,25.0,1062.8,8,1359,1
